vve;woningen;postcode;huisnummer;wijk;stadsdeel;lat;lon;aantal_postcodes
Vereniging van Eigenaars Grotiusplaats, gelegen aan het Maria Stuartplein 10, 15 tot en met 279, 284, 296, 297, 301 tot en met 690, 695 en 696 te Den Haag;654;2595BX;15;Bezuidenhout;Haagse Hout;52.0811003640526; 4.328907157010533;2
Vereniging Van Eigenaars Complex De Lamel;484;2521RJ;1860;Laakkwartier en Spoorwijk;Laak;52.06406400908108; 4.321567610524986;14
Vereniging van Eigenaars Grotius I, gelegen aan het Maria Stuartplein 301 tot en met 690 te Den Haag;389;2595BW;301;Bezuidenhout;Haagse Hout;52.081616146486965; 4.328696198601278;1
Vereniging Van Eigenaars Complex Van Maanenkade 7 T/M 13,5,6 En 14 T/M 215 En Rijkswijkseplein 181 T/M 188, 180 En 189 T/M 390 Te S-Gravenhage;380;2516LL;16;Stationsbuurt;Centrum;52.071723479153725; 4.3250079023248755;8
"Vereniging van Eigenaars ""Kraayenstein"" aan het Forellendaal te 's-Gravenhage";378;2553LB;24;Kraayenstein en Vroondaal;Loosduinen;52.0480113404817; 4.235830651604626;27
Vereniging van eigenaars gebouw Waldo Tower aan de Waldorpstraat 746 tot en met 1390 (even nummers) en Calandkade 168 te 's-Gravenhage;320;2521CW;750;Laakkwartier en Spoorwijk;Laak;52.0593961277982; 4.310803636089898;3
Onder Vereniging van eigenaars woningen Orionstraat 17 tot en met 221 (oneven) te Den Haag en Pegasusstraat 83 tot en met 475 (oneven) te Den Haag;300;2516AS;17;Binckhorst;Laak;52.07006373471576; 4.341920005207015;2
Vereniging van Eigenaars Willem Dreespark A, B en C te 's-Gravenhage;294;2531SB;5;Moerwijk;Escamp;52.05657148154995; 4.30621105606972;15
Vereniging van Eigenaars Burgemeester Patijnlaan 10 tot en met 590 (even nummers) Couperusduin I en II thans Vereniging Couperus-Duin-Archipel zie akte dl 12119 /18;292;2585BK;10;Archipelbuurt;Centrum;52.08937799469607; 4.2976523899310015;13
Vereniging Van Eigenaars Plaza Leonardo Da Vinci, Aan En Nabij De Gevers Deynootweg, De Harstenhoekweg, De Zwolsestraat En De Utrechtsestraat Te 'S-Gravenhage;290;2587RB;1;Belgisch Park;Scheveningen;52.113603841725386; 4.285923655165309;8
Vereniging Van Eigenaars Willem Dreespark Te 'S-Gravenhage;288;2531SB;5;Moerwijk;Escamp;52.05657148154995; 4.30621105606972;15
Onder-Vereniging van eigenaars woningen 1e Lulofsdwarsstraat 20 tot en met 42-U (even nummers) en Vermuydenstraat 2 tot en met 12 (even nummers) te s gravenhage;288;2521AN;2;Laakkwartier en Spoorwijk;Laak;52.060486891256545; 4.312323044080156;2
Vereniging Van Eigenaars Gebouwencomplexen Kortenbos I,Ii En Iiigelegen Aan De Gedempte Sloot En Sirtemastraat Te 'S-Gravenhage;269;2513SN;12;Centrum;Centrum;52.076403870715325; 4.299185162685527;9
Vereniging van Eigenaars Grotius II, gelegen aan het Maria Stuartplein 15 tot en met 279 te Den Haag;265;2595BX;15;Bezuidenhout;Haagse Hout;52.0811003640526; 4.328907157010533;1
"Vereniging van Eigenaars ""Kraayenstein Hoogbouw"" aan de Forellendaal te 's-Gravenhage";260;2553LN;356;Kraayenstein en Vroondaal;Loosduinen;52.047619948625744; 4.237655448953638;20
Vereniging Van Eigenaars De Brink 14 Tot En Met 580;242;2553HA;14;Kraayenstein en Vroondaal;Loosduinen;52.047338203315825; 4.234645574270493;10
Vereniging Van Eigenaars Granaathorst Te 'S-Gravenhage;227;2592SN;11;Mariahoeve en Marlot;Haagse Hout;52.091015536422056; 4.354866645014954;11
Vereniging Van Eigenaars Ametisthorst 11 Tot En Met 405 Te 'S-Gravenhage;225;2592HA;2;Mariahoeve en Marlot;Haagse Hout;52.093107102640346; 4.359222266450089;9
Vereniging van Eigenaars Haagsche Kwartier Escamplaan/Leyweg (HS);209;2545AA;10;Leyenburg;Escamp;52.05708724462302; 4.2643289861057685;3
vereniging van eigenaars zhb-hoven te 's-gravenhage;207;2513PS;1;Centrum;Centrum;52.0770334745407; 4.2975457897548335;11
Vereniging van Eigenaars City Tower van complex New Babylon aan het Anna van Buerenplein te Den Haag;205;2595DB;51;Stationsbuurt;Centrum;52.0819175991744; 4.32471604921797;4
Vereniging Van Eigenaars Van Het Gebouw De Kam Te S Gravenhage;201;2521ZE;103;Laakkwartier en Spoorwijk;Laak;52.06294683309152; 4.3213875642903;5
"Vereniging Van Ondereigenaars Woningen Complex ""De Stede"" Aan De Eekhoornrade, Hazenrade, Nevenstede En Vrederustlaan Te 'S-Gravenhage";198;2543SE;3;Bouwlust/Vrederust;Escamp;52.04322002933588; 4.260966204495601;10
Vereniging Van Eigenaars Winkel-/Woonappartementencomplex De Stede Te S Gravenhage;190;2543SE;3;Bouwlust/Vrederust;Escamp;52.04318187203821; 4.2608995112854355;10
Vereniging Van Eigenaars Theo Mann Bouwmeesterlaan-Else Mauhs- Laan Te 'S-Gravenhage;189;2597GZ;20;Benoordenhout;Haagse Hout;52.10540504137462; 4.324743542096943;11
Vereniging Van Eigenaars Forellendaal 127 Tot En Met 507 (Woningen);189;2553JE;129;Kraayenstein en Vroondaal;Loosduinen;52.047125131592; 4.238469086078128;13
Vereniging Van Eigenaren De Brink 702 T/M 990 En 1046 T/M 1130 Te 'S-Gravenhage (Even Nummers);188;2553HM;702;Kraayenstein en Vroondaal;Loosduinen;52.04850383724324; 4.233190903079494;9
VVE Brigantijnlaan 9 tot en met 291 (oneven nummers), Fluitschiplaan 10 en 14 en Windjammersingel 16 tot en met 66 (even nummers) 's-gravenhage;187;2496ZR;13;Ypenburg;Leidschenveen-Ypenburg;52.05402503310879; 4.38775582640111;3
Vereniging van Eigenaars parkeerplaatsen, woningen en bergingen Oude Haagweg (ongenummerd) en Nieuw-Rozenburgstraat 2 tot en met 20 (even nummers), Oude Haagweg 485, 485-1 tot en met 485-27 (doorlopen;184;2552GT;2;Waldeck;Loosduinen;52.061534244819825; 4.256492941908598;3
"Ondervereniging van eigenaars Woningen gelegen aan het Maanplein 111 tot en met 120 te 's-Gravenhage in het gebouw ""Nova""";182;2516CK;111;Binckhorst;Laak;52.06658624529806; 4.349420848441179;1
Vereniging van Ondereigenaars woningen en bergingen Nieuw-Rozenburgstraat 2 tot en met 20 (even nummers), Oude Haagweg 485, 485-1 tot en met 485- 27 (doorlopend genummerd), 487, 487-1 tot en met 487-5;181;2552GT;2;Waldeck;Loosduinen;52.061534244819825; 4.256492941908598;3
"""Ondervereniging Van Eigenaars Woningen Oranjeplein/Koningstraat Te 'S-Gravenhage""";179;2515KD;10;Schildersbuurt;Centrum;52.07023366423835; 4.314003882957014;12
Onder-Vereniging van eigenaars woningen 1e Lulofsdwarsstraat 10 tot en met 20-L (even nummers) en Calandkade 48 tot en met 73 en 75 tot en met 98 te Den Haag;174;2521AZ;10;Laakkwartier en Spoorwijk;Laak;52.061267110185646; 4.313892876902372;2
Vereniging Van Eigenaars Van Het Gebouw Aan De Hector Berliozstraat/Jules Massenetstraat/Jules Massenethof Te 'S-Gravenhage;170;2551XC;1;Waldeck;Loosduinen;52.057493703059336; 4.244473913556975;6
Vereniging van Eigenaars Dedemsvaartweg/Zuidlarenstraat/Gietenstraat te 's-Gravenhage;168;2545XA;7;Morgenstond;Escamp;52.05051582132837; 4.2648410612205065;5
vereniging van ondereigenaars woningen jan van riebeekstrat 229 tot en met 569(oneven nummers) en stallinggarage jan van riebeekstraat 225 te 's-gravenhage;166;2595TT;237;Bezuidenhout;Haagse Hout;52.079869187776445; 4.327321803836033;5
Vereniging Van Eigenaars Sirtemastraat 12 Tot En Met 336 (Even) Te 'S-Gravenhage;161;2513SN;12;Centrum;Centrum;52.076403870715325; 4.299185162685527;7
Vereniging Van Eigenaars Barnsteenhorst 2 Tot En Met 446 ( Even Nummers) Te 'S-Gravenhage;160;2592EK;6;Mariahoeve en Marlot;Haagse Hout;52.09348108235265; 4.350994277963877;8
Vereniging Van Eigenaars Woon/Kantoren/Parkeercomplex Bezuidenhoutseweg 20 En Boslaan 85 Tot En Met 393 Te Den Haag;154;2594NC;85;Haagse Bos;Haagse Hout;52.08452585822845; 4.326925254646653;6
Vereniging Van Eigenaren P. Langendijkstraat 4-6-8-20, Erasmusplein 87, J. Blasiusstraat 98-100 (Fictief) Te 'S-Gravenhage;152;2532RG;87;Moerwijk;Escamp;52.05055834998393; 4.29845374672338;1
"""Vereniging Van Eigenaars De Gaarde 10-206/Zwaardvegersgaarde 39-91/Schrijnwerkersgaarde 9-99 Te 'S-Gravenhage""";152;2542CJ;10;Bouwlust/Vrederust;Escamp;52.03844757926568; 4.272154448401081;7
Vereniging van Ondereigenaars Woningen Kortenaerkade 2, 2a tot en met 2h, 2j, 3, 3a tot en met 3h, 3j tot en met 3n, 3p, 3q, 4, 4a tot en met 4h, 4j tot en met 4n, 4p en 4q, 5, 5a tot en met 5h, enz;149;2518AX;2;Zeeheldenkwartier;Centrum;52.083309137266234; 4.301540459956111;3
Vereniging Van Eigenaren 'S-Gravenduyn Gebouwen Mozartlaan,N, Willem Pijperstraat,Landrestraat) Te 'S-Gravenhage;149;2551CH;1;Waldeck;Loosduinen;52.05901705782693; 4.228898265439986;10
Vereniging Van Eigenaars Calandria;149;2521BJ;41;Laakkwartier en Spoorwijk;Laak;52.06246999338679; 4.314865032722437;4
"Vereniging van Eigenaars Ondersplitsing Hoofdgebouw ""Park Hoog Oostduin"" aan het Oostduinplein 10 tot en met 206 te Den Haag";146;2596JR;19;Benoordenhout;Haagse Hout;52.094686087595065; 4.314049966303958;1
Vereniging Van Eigenaars Hoefkade 43 E.A.Te 'S-Gravenhage;143;2515PL;3;Stationsbuurt;Centrum;52.07125950170639; 4.318333408632025;7
Vereniging Van Eigenaars Princelandt Te Scheveningen,Gelegen Aan Het Rederserf 2 Tot En Met 300;141;2586KA;2;Scheveningen;Scheveningen;52.111777458248774; 4.27934135340334;9
Vereniging Van Eigenaars Mariaburcht Te S Gravenhage V E M G;138;2532CD;1;Moerwijk;Escamp;52.0548445667715; 4.306814316726843;4
Vereniging Van Eigenaars Flatgebouw Lage Nieuwstraat 316-628 Te 'S-Gravenhage;137;2512VX;316;Centrum;Centrum;52.07433441062444; 4.303230343391796;2
Vereniging Van Eigenaars Dirk Buserf, Jan Bronnerstraat, Hildo Kroplaan Te 'S-Gravenhage;135;2552XM;7;Loosduinen;Loosduinen;52.0556458516691; 4.250545000043047;8
Ondervereniging van eigenaars Woningen gelegen aan de Maanweg 140 tot en met 166 (even nummers) te ‘s- Gravenhage (Elara);134;2516AB;140;Binckhorst;Laak;52.06757847961634; 4.3525989949028165;1
"Vereniging van Eigenaars ""Kraayenstein Toren"" aan de Forellendaal te 's-Gravenhage";133;2553LA;12;Kraayenstein en Vroondaal;Loosduinen;52.04793242505502; 4.235927895509663;10
Vereniging Van Eigenaars Reyniershof Te 'S-Gravenhage;133;2512CX;7;Centrum;Centrum;52.07296817112945; 4.310177932387349;4
Vve Won. Zorgvlietstr.1t/M29(Oneven) Hemsterhuisstr.2t/M30(Even) Veenkade 83t/M135,Stallingsgarage Veenkade 106b En 110b, Zorgvlietstr.21, Hemsterhuistr.22 S Gravenhage;132;2513RH;1;Zeeheldenkwartier;Centrum;52.07799515955936; 4.297465759786335;5
"Vereniging van Eigenaars: Tripstraat/Zamenhofstraat/Esperantostraat ""Het Zamen""";132;2518LH;38;Regentessekwartier;Segbroek;52.07474705474775; 4.291958443408005;2
Vereniging van Eigenaars Woningen II, Complex Wijnhavenkwartier I te 's-Gravenhage;132;2511DK;54;Centrum;Centrum;52.078355347296124; 4.319850804982958;1
Vereniging van Eigenaars Toren 2 van complex New Babylon aan de Bezuidenhoutseweg te Den Haag;130;2594AC;65;Bezuidenhout;Haagse Hout;52.08296167046892; 4.325292094669968;1
Vereniging van Eigenaars De Brink 14 tot en met 306 te 's-Gravenhage;130;2553HA;14;Kraayenstein en Vroondaal;Loosduinen;52.047338203315825; 4.234645574270493;5
Vereniging Van Eigenaars Smaragdhorst 2 Tot En Met 364 ( Even Nummers) Te 'S-Gravenhage;130;2592RR;6;Mariahoeve en Marlot;Haagse Hout;52.09683028029351; 4.356826899724173;7
Vereniging Van Eigenaars Parelmoerhorst 2 Tot En Met 364 ( Even Nummers) Te 'S-Gravenhage;130;2592SE;6;Mariahoeve en Marlot;Haagse Hout;52.09552049265652; 4.3542506804534815;7
Vereniging Van Eigenaars Gedempte Sloot 16 Tot En Met 230 (Even Nummers) Te 'S-Gravenhage;129;2513TD;16;Centrum;Centrum;52.07683061857411; 4.30067333312366;2
"""Vereniging van eigenaars Ondersplitsing Woningen A2 gebouw De President Verhulstplein 11,12,13,15,16 en 17 te 's-Gravenhage";129;2517SC;11;Duinoord;Scheveningen;52.08513548432812; 4.2746244255265475;1
vereniging van eigenaars lozerlaan 659 t/m 917 te 's-Gravenhage (vierkant);128;2544LG;663;Bouwlust/Vrederust;Escamp;52.03750732343087; 4.250496137643335;5
vereniging van eigenaars lozerlaan 201 t/m 459 te 's-Gravenhage (driehoek);128;2544LA;205;Bouwlust/Vrederust;Escamp;52.03996442872717; 4.24501173475334;5
vereniging van eigenaars lozerlaan 1575 t/m 1833 te 's-Gravenhage (ster);128;2544LT;1579;Bouwlust/Vrederust;Escamp;52.03142462064383; 4.256729037108015;5
vereniging van eigenaars lozerlaan 1117 t/m 1375 te 's-Gravenhage (rond);128;2544LM;1121;Bouwlust/Vrederust;Escamp;52.034668100297914; 4.25357291721524;5
Vereniging van Eigenaars Neherkade 30 tot en met 51H, Laakweg 139 en 1e Laakdwarsweg 4 te 's-Gravenhage;128;2521RA;1182;Laakkwartier en Spoorwijk;Laak;52.06672173114285; 4.3275261367597935;4
Vereniging van Eigenaars Cornelis de Wittlaan 12 tot en met 276 te 2582 CL 's-Gravenhage;128;2582CL;12;Duinoord;Scheveningen;52.08805304817883; 4.279566159221854;3
vereniging van ondereigenaars woningen De Kroon aan de Schedeldoekshaven en de Turfmarkt te s gravenhage;127;2511GS;264;Centrum;Centrum;52.07861475353833; 4.321107861696334;2
Vereniging Van Eigenaars Van Het Gebouw Hagemeijer Iii Te S Gravenhage;127;2521SH;4;Laakkwartier en Spoorwijk;Laak;52.065083417200306; 4.323977517522066;4
Vereniging Van Eigenaars Nieuwendamlaan 46 Tot En Met 298 ( Evennummers) Te 'S-Gravenhage;127;2547JL;46;Leyenburg;Escamp;52.06260491012237; 4.264181675357425;5
Vereniging Van Eigenaars Nieuwendamlaan 308 Tot En Met 560 ( Even Nummers) Te 'S-Gravenhage;127;2547JS;308;Leyenburg;Escamp;52.061185455901; 4.265271710984817;6
Vereniging Van Eigenaars Loosduinseweg 305/563 Te S Gravenhage;127;2571AD;305;Regentessekwartier;Segbroek;52.07290075499269; 4.290813297722171;4
Vereniging Van Eigenaars Heilostraat 273 Tot En Met 525 ( Onevennummers) Te 'S-Gravenhage;127;2547KG;273;Leyenburg;Escamp;52.06191711627073; 4.2671161698745745;7
Vereniging Van Eigenaars Heilostraat 11 Tot En Met 263 ( Oneven Nummers) Te 'S-Gravenhage;127;2547KA;11;Leyenburg;Escamp;52.063315386777326; 4.265962362133198;5
Vereniging van Ondereigenaars Prinses Beatrixlaan 11 tot en met 11- 125 te 's-Gravenhage;126;2595AK;11;Bezuidenhout;Haagse Hout;52.07989857433354; 4.3334283641473155;1
Vereniging van Eigenaars Van Diesenstraat 1, 5 tot en met 15, 19 tot en met 271 (oneven nummers) te 's-Gravenhage;125;2521ED;5;Laakkwartier en Spoorwijk;Laak;52.0618049664145; 4.31872642246638;4
vereniging van eigenaars Scheldeldoekshaven, Turfmarkt , gebouw De Kroon;124;2511GR;14;Centrum;Centrum;52.07861475353833; 4.321107861696334;2
Vereniging van Eigenaars Nannie van Wehlstraat 2 tot en met 248 (even nummers) te ’s-Gravenhage;124;2548MN;2;Wateringse Veld;Escamp;52.042094623021605; 4.284947857895274;1
Vereniging Van Eigenaren Elisabeth Brugsmaweg Te 'S-Gravenhage;123;2555SC;1;Bohemen en Meer en Bos;Loosduinen;52.06709990017448; 4.2430491849932395;1
Vereniging van Ondereigenaars Prinses Beatrixlaan 9-1 tot en met 9-122 te 's-Gravenhage;122;2595AK;9;Bezuidenhout;Haagse Hout;52.08018051407193; 4.333928038110799;1
Vereniging van Eigenaars Haagsche KwartierLeyweg/Escamplaan ondersplitsing woningen 2 te 's-Gravenhage;122;2547EW;862;Leyenburg;Escamp;52.057829101382104; 4.264086744878575;2
Vereniging Van Eigenaars Mozartlaan 288 T/M 542 (Even) Te 'S-Gravenhage;120;2555KR;288;Waldeck;Loosduinen;52.05853144735287; 4.229915554170221;6
Vereniging Van Eigenaars Mozartlaan 22 T/M 276 (Even) Te 'S-Gravenhage;120;2555KJ;22;Waldeck;Loosduinen;52.06045193066123; 4.231150794387464;6
Vereniging van Eigenaars Leyweg 84 tot en met 172A te 's-Gravenhage;119;2545CR;84;Leyenburg;Escamp;52.05959736414813; 4.263746534332788;6
Vereniging Van Eigenaars Palace-Appartementen III Gevers Dey- Nootweg 994 Tot En Met 1128a (Even Nummers) Te S Gravenhage;119;2586BX;994;Belgisch Park;Scheveningen;52.114563423298065; 4.284337185357598;1
Vereniging van Eigenaars Juliana van Stolberglaan 3-3Y, 5A-5R, 7A-7R, Louise Henriettestraat 3-167 (oneven) en Prinses Beatrixlaan 2 en 116 te Den Haag;118;2595CA;3;Bezuidenhout;Haagse Hout;52.082260056291176; 4.334179295943563;3
Vereniging Van Eigenaars Gebouw 'S-Gravendam;117;2571DA;5;Regentessekwartier;Segbroek;52.073247472984185; 4.292023658613111;3
Vve Doedijnstr.106t/M158(Even) A.Cuypstr.21t/M85 J.Catsstr.247t/M301(Oneven) Hoefkade 720t/M770(Even) S Gravenhage;116;2526DE;21;Schildersbuurt;Centrum;52.06700067866993; 4.313172756934671;8
VERENIGING VAN EIGENAARS LA FENETRE TE S GRAVENHAGE;115;2595BT;103;Bezuidenhout;Haagse Hout;52.08036675755517; 4.327100979258678;2
Vereniging van Eigenaars complex Junoblok aan de Junostraat 35-37 te 's-Gravenhage;114;2516DA;19;Binckhorst;Laak;52.06400897727004; 4.339504623537971;2
Vereniging Van Eigenaars Dekkershaghe Te 'S-Gravenhage;114;2551GA;12;Waldeck;Loosduinen;52.06077631497678; 4.232536771622688;1
Vereniging Van Eigenaren Verzorgingsflat Waalsdorp              Te 'S-Gravenhage;113;2597TP;15;Benoordenhout;Haagse Hout;52.10414009540328; 4.3268171871589605;5
Vereniging Van Eigenaars De Brink 336 Tot En Met 580;112;2553HE;336;Kraayenstein en Vroondaal;Loosduinen;52.0476897433417; 4.233823247981342;6
Vereniging van Eigenaars van de woningen Frederikstraat 585, 587, 591, 601 t/m 705 (oneven nummers) en 717 t/m 821 (oneven nummers), 709, 711, 713 en 833 t/m 841 (oneven nummers) te 's-Gravenhage;111;2514LR;585;Willemspark;Centrum;52.08829937923856; 4.310069751234349;7
Vereniging van Eigenaars Burgemeester Patijnlaan 594 tot en met 814 (even nummers) Couperusduin III thans Vereniging Couperus-Duin-Archipel zie akte dl 12119 nr 18;111;2585CC;594;Archipelbuurt;Centrum;52.089563824547895; 4.299697580783437;1
Vereniging Van Eigenaars Wagenstraat / Sint Jacobstraat 60 Tot En Met 80s Te 'S-Gravenhage;111;2512AX;70;Centrum;Centrum;52.07554242169899; 4.313671701514614;1
Vereniging Van Eigenaars Van Het Gebouw Meppelweg 890-956a Te 'S-Gravenhage Gevestigd Te 'S-Gravenhage;111;2544CA;890;Bouwlust/Vrederust;Escamp;52.04627697597558; 4.256444342191387;4
"VvE Oranjepolderhof te Leidschendam-Voorburg; zij is gevestigd te Leidschendam-Voorburg";110;2493VC;1;Leidschenveen;Leidschenveen-Ypenburg;52.05600027570597; 4.404553037652295;3
Vereniging Van Eigenaars Vaillantlaan,Ruysdaelstraat,Brueghelstraat En Hobbemastraat Te 'S-Gravenhage;108;2526HA;9;Schildersbuurt;Centrum;52.06991221178504; 4.30084971817133;4
Vereniging van Eigenaars Leyhof te 's-Gravenhage;107;2548AE;1101;Wateringse Veld;Escamp;52.040434550716924; 4.284021554082954;1
Vereniging van Eigenaars Cornelis de Wittlaan 470 tot en met 694 te 2582CT 's-Gravenhage;107;2582CT;470;Duinoord;Scheveningen;52.08627283018798; 4.2754508272699105;3
Vereniging Van Eigenaars Recreatiecentrum Kijkduinpark;107;2554BZ;14;Kijkduin en Ockenburgh;Loosduinen;52.05500016092262; 4.2167266632134845;2
Vereniging Van Eigenaars Piet Heinplein Ite 'S-Gravenhage;107;2518CA;5;Zeeheldenkwartier;Centrum;52.082848913391636; 4.300062378157779;5
Vereniging van Eigenaars Dallashof te 's-Gravenhage;106;2548JD;5;Wateringse Veld;Escamp;52.03111599897357; 4.285496888605691;4
Vereniging van Eigenaars Baltimorehof te 's-Gravenhage;106;2548JJ;5;Wateringse Veld;Escamp;52.0323704205293; 4.284596598507765;4
Vereniging Van Eigenaars Zuidertoren Te 'S-Gravenhage;106;2531AA;3;Moerwijk;Escamp;52.05835389808286; 4.294255309847175;1
Vereniging Van Eigenaars Zeekant/Gevers Deynootweg Te 'S-Gravenhage;106;2586JJ;103;Belgisch Park;Scheveningen;52.11640893932042; 4.2864193592222115;3
Vereniging Van Eigenaars Asstraat Te 'S-Gravenhage;106;2516KA;15;Laakkwartier en Spoorwijk;Laak;52.065939129176364; 4.330234767726376;1
Vereniging Van Eigenaars Parallelweg 161,Vaillantlaan 529 Tot En Met 725(Oneven Nummers) En Gabriel Metsustraat 102,114 Tot En Met 186(Even Nummers) Te 'S-Gravenhage;104;2525XV;116;Schildersbuurt;Centrum;52.063863406415585; 4.309747050958612;7
VVE Fluitschiplaan 7 tot en met 231 (oneven nummers) te 's-Gravenhage;104;2496XW;7;Ypenburg;Leidschenveen-Ypenburg;52.05286262541901; 4.386748718080144;2
Vereniging Van Eigenaren Clingenbosch Te 'S-Gravenhage;102;2597GA;55;Benoordenhout;Haagse Hout;52.10500670402506; 4.329558764581925;6
Vereniging Van Eigenaars Veenendaalkade 256 Tot En Met 470, Lopikstraat 1 Tot En Met 7 En 11 Rijsenburgstraat 2 Te 'S-Gravenhage;100;2546EN;1;Leyenburg;Escamp;52.059609096549494; 4.2705794593133986;5
Vereniging Van Eigenaars Boomsluiterskade 299 En Maasstraat 9 Te 'S-Gravenhage;100;2515DA;9;Stationsbuurt;Centrum;52.07706608945939; 4.325364450517042;4
Vereniging van Eigenaars Bruggebouw Vijverhof te Den Haag Leeghwaterplein nummers 9 tot en met 15y (oneven nummers);99;2521CT;9;Laakkwartier en Spoorwijk;Laak;52.06690853919142; 4.32150307717191;1
Vereniging van eigenaars Van Boecopkade 10 tot en met 38c (even nummers) en Onafhankelijkheidstraat 25 en 27 te 's-Gravenhage.;98;2518PG;10;Regentessekwartier;Segbroek;52.07583460843696; 4.294480700582217;1
Vereniging van Eigenaars Anna Blamanplein 26 tot en met 127 te 's-Gravenhage;98;2525ZV;26;Groente- en Fruitmarkt;Centrum;52.059900432563374; 4.3006929484912675;2
Vereniging van Eigenaars Scheveningseweg 60 tot en met 60e-4 (Gebouw B en Gebouw C) te 2517 KW 's-Gravenhage;97;2517KW;56;Geuzen- en Statenkwartier;Scheveningen;52.09699691356417; 4.28369007018237;1
Vereniging Van Eigenaars Van Woningen Hof Ter Hage, Gelegen Te 'S-Gravenhage, Aan Het Kerkplein, De Torenstraat, De Nobelstraat En De Prinsestraat;97;2513CD;6;Centrum;Centrum;52.07824479875581; 4.30636022712998;3
Vereniging Van Eigenaars Noordpolderkade 200 Tot En Met 288 (Even Nummers), Schoeplaan 7 Tot En Met 21 (Oneven Nummers) En 25 Tot En Met 131 (Oneven Nummers);97;2516WB;7;Laakkwartier en Spoorwijk;Laak;52.06435889637013; 4.333532138444397;6
Vereniging Van Eigenaars Escamplaan 444/678 En Ilpendamstraat 2 Tot En Met 90 Te 'S-Gravenhage;96;2547EN;444;Leyenburg;Escamp;52.06087389003329; 4.26872306078834;4
Vereniging Van Eigenaars Domburglaan 2 T/M 48(Even)En Westkapellelaan 24 T/M 34(Even)38 T/M 62(Even)66 T/M 76(Even)80 T/M 90(Even)94 T/M 104(Even)108 T/M 118(Even)122 T/M 132(Even)150 T/M 160(Even)164;96;2554AP;2;Kijkduin en Ockenburgh;Loosduinen;52.06647892056857; 4.222985303493479;8
Vereniging Van Eigenaars Burgemeester Patijnlaan/Burgemeester Kolfschotenlaan,Gebouw Parthenon/Pergamon-Woningen Te 'S-Gravenhage;96;2585BH;49;Archipelbuurt;Centrum;52.089910087215145; 4.302527859935979;3
Vereniging van eigenaars De Orient aan de Kempstraat, de Morgenzonlaan en de Graskopstraat te Den Haag;95;2572WX;4;Transvaalkwartier;Centrum;52.06494653262835; 4.28992914505263;3
Vereniging Van Eigenaars Vaillantlaan Blok 4 Te S Gravenhage;95;2525RR;17;Schildersbuurt;Centrum;52.067345244752886; 4.303000820321934;6
vereniging van eigenaars hoefkade 139 tot en met 195a (oneven), jacob catsstraat 192 tot en met 226 (even) en westenbergstraat 72 tot en met 136 (even) te 's-gravenhage;94;2515HK;72;Schildersbuurt;Centrum;52.06865255794398; 4.313019003722405;7
Vereniging Van Eigenaars Bij De Westermolens 6/Westeinde 625/Sirtemastraat 483 Te 'S-Gravenhage;94;2513SK;6;Centrum;Centrum;52.07443581429242; 4.297193863166003;6
Vereniging van Eigenaars Stadhouderslaan 100-114 “woningen en bergingen Casimir” te ‘s-Gravenhage;93;2517LB;100;Duinoord;Scheveningen;52.08540479112343; 4.275363805778555;1
Vereniging van Eigenaars Kepplerstraat 2 tot en met 122, Kepplerplein 12 tot en met 50 en Newtonstraat 107 en 109 te s gravenhage;92;2562VP;4;Regentessekwartier;Segbroek;52.076940413151966; 4.285081922568934;5
Vereniging Van Eigenaars Studentenflat Theresiastraat Te 'S-Gravenhage;92;2593AN;6;Bezuidenhout;Haagse Hout;52.083238459093415; 4.329884178498075;1
Vereniging Van Eigenaars Haagweide 1,2 En 3, Rijswijkseplein 70 T/M 169 En Stationsplein 70 Te 'S-Gravenhage;92;2515RT;2;Stationsbuurt;Centrum;52.07113231182702; 4.32276140999763;3
Vereniging van Eigenaars Oranjerivierstraat/De La Reyweg te 's-Gravenhage;91;2572CL;1;Transvaalkwartier;Centrum;52.06503664848462; 4.289077735522349;3
Vereniging van Eigenaars Laan van Leidschenveen 27 t/m 95 (oneven nummers), 101 t/m 185 (oneven nummers) en 189 t/m  215 (oneven nummers) te 's-Gravenhage;91;2493CT;27;Leidschenveen;Leidschenveen-Ypenburg;52.06491382152864; 4.39924698246807;2
Vereniging van Eigenaars Haagsche Kwartier Leyweg/Escamplaan ondersplitsing woningen 3 te 's-Gravenhage;91;2547EX;884;Leyenburg;Escamp;52.05736334865151; 4.262992179967441;1
Vereniging Van Eigenaars Hobbemastraat, Van Der Neerstraat En Brueghelstraat Te S Gravenhage;91;2525RA;7;Schildersbuurt;Centrum;52.06938696501281; 4.300452306974687;3
Vereniging van Eigenaars Dedemsvaartweg Blok A en Blok B te 's-Gravenhage;90;2545AE;274;Morgenstond;Escamp;52.04886666681381; 4.266306694198354;1
Vereniging Van Eigenaars Roemer Visscherstraat 381-465/De Lannoystraat 2-42/Melis Stokelaan 750-832 'S-Gravenhage;90;2533XT;4;Moerwijk;Escamp;52.048824701736514; 4.285289425144757;5
vereniging van eigenaars erasmustoren aan de erasmusweg en de vrederustlaan te s gravenhage;89;2543TC;317;Bouwlust/Vrederust;Escamp;52.036284377977445; 4.27132589459092;1
Vve Hoefkade 461t/M487b(Oneven) Van Mierisstr.201t/M223(Oneven) Vaillantln.360t/M412(Even) 416a,420 Van Ostadestr.334t/M352v(Even) S Gravenhage;89;2526NR;201;Schildersbuurt;Centrum;52.06605424697003; 4.306376888159766;6
Vereniging van Eigenaars Kurhausappartementen Zuidzijde te Scheveningen, gelegen aan de Gevers Deynootweg en het Gevers Deynootplein te 's-Gravenhage;89;2586CR;136;Scheveningen;Scheveningen;52.11254268423704; 4.28197751958054;5
Vereniging van Eigenaren Drentse Hoek Blok 1 aan de norgstraat te 'S-Gravenhage;88;2545SX;385;Morgenstond;Escamp;52.046606392490204; 4.270352541545414;5
Vereniging van Eigenaars Vrouw Avenweg te 's-Gravenhage;88;2493WM;6;Leidschenveen;Leidschenveen-Ypenburg;52.0633996752292; 4.399045410166296;1
Vereniging Van Eigenaars Woning/Bedrijfscomplex Neherkade/Laakweg Te 'S-Gravenhage;88;2521PX;1004;Laakkwartier en Spoorwijk;Laak;52.06688647669637; 4.328116902119346;3
Vereniging van Eigenaars Theresiastraat 237 tot en met 325, Merkusstraat 48 tot en met 130 en Cornelis Houtmanstraat 123 tot en met 135 's-Gravenhage;87;2593TM;48;Bezuidenhout;Haagse Hout;52.0875345572965; 4.3411796914695495;7
Vereniging Van Eigenaars Medemblikstraat 54 T/M 250 (Even) Te 'S-Gravenhage;87;2547GZ;54;Leyenburg;Escamp;52.06468603995683; 4.26809246400849;5
Vereniging van Eigenaars Laan van Wateringse Veld te 's-gravenhage;86;2548CG;130;Wateringse Veld;Escamp;52.03377383855804; 4.285449482687478;2
Vereniging van Eigenaars Achter Raamstraat 24-54, Gedempte Burgwal 3-39D en Wagenstraat 41-63 te s Gravenhage;86;2512BS;5;Centrum;Centrum;52.07565215742991; 4.31243841989149;3
V.v.E. Uniekstaete te 's- Gravenhage;86;2548HZ;2;Wateringse Veld;Escamp;52.029685376346734; 4.286610169433182;3
Vereniging van Eigenaars gebouw De havenmeester aan de Dr. lelykade te 's-Gravenhage;85;2583CM;34;Scheveningen;Scheveningen;52.09899621633903; 4.271792930365548;1
Vereniging van Eigenaars Laan van Meerdervoort 55, 55-1 t/m 55-19, 55a, 55a-1 t/m 55a-15, 55b, 55b-1 t/m 55b-15, 55c, 55c-1 t/m 55c-15, 55d, 55d-1 t/m 55d-12, 55e, 55e-1 t/m 55e-3 (allen doorlopend ge;85;2517AG;55;Duinoord;Scheveningen;52.084375379064234; 4.292268492411059;1
Vereniging Van Eigenaars Swaenesteijn Loosduinsekade 720a En 772at/M 724q En Nieuwendamlaan 1;85;2547JG;1;Leyenburg;Escamp;52.06345058819365; 4.262972818207527;2
"""Vereniging Van Eigenaars Voorzieningencentrum Van Meursstraat/ Betsy Parkstraat En Woningen Ledeganckplein Te 'S-Gravenhage""";85;2524CP;9;Laakkwartier en Spoorwijk;Laak;52.05304841092099; 4.316544322266418;2
Vereniging van Eigenaars Pasteurstraat 205 tot en met 299 en Linnaeusstraat 2, 4 en 6 te s Gravenhage;84;2522RJ;207;Laakkwartier en Spoorwijk;Laak;52.05951575908364; 4.3319381517871305;2
Vereniging van Eigenaars Groenezijde 14 tot en met 18 (even nummers), 2543 CG 's-Gravenhage en Werkzijde 43 tot en met 213 (oneven nummers), 2543 CW 's-Gravenhage;84;2543CG;14;Bouwlust/Vrederust;Escamp;52.03901412724949; 4.255646895208735;5
Vereniging van Eigenaars Gebouw Beresteinlaan 269 tot en met 465 (oneven nummers) te 's-Gravenhage;84;2542JH;271;Bouwlust/Vrederust;Escamp;52.04034692800508; 4.255726022851365;4
Vereniging Van Eigenaars Houtzagerssingel, Rubensstraat En Rembrandtstraat Te 'S-Gravenhage;84;2526PN;3;Schildersbuurt;Centrum;52.071474097795964; 4.303779112862084;5
Vereniging Van Eigenaars Gravenhof I Te 'S-Gravenhage;84;2592BH;32;Mariahoeve en Marlot;Haagse Hout;52.090405680413085; 4.350264157672923;4
Vereniging Van Eigenaars Flatgebouw Roggekamp 451 T/M 637 ( Oneven ) Te 'S-Gravenhage;84;2592VX;471;Mariahoeve en Marlot;Haagse Hout;52.09010754787706; 4.351728467235705;4
Vereniging Van Eigenaars Flatgebouw Roggekamp 245 T/M 431 (One) Te 'S-Gravenhage;84;2592VS;265;Mariahoeve en Marlot;Haagse Hout;52.090704613861035; 4.351202107214479;4
Vereniging Van Eigenaars Flatgebouw Pisuissestraat 301 Tot En Met 497 (Oneven Nummers) Te S Gravenhage;84;2553BK;331;Loosduinen;Loosduinen;52.057144482580114; 4.227441616706996;6
VERENIGING VAN EIGENAARS APPARTEMENTENCOMPLEX PHAROS AAN DE LOEVESTEINLAAN TE S GRAVENHAGE;84;2533AP;469;Morgenstond;Escamp;52.049129307805366; 4.2826250281627845;2
vereniging van eigenaars koningstraat 317 t/m 399 (oneven), wellingtonstraat 4 t/m 74 (even) en westenbergstraat 3 t/m 31 (oneven) te 's-gravenhage;83;2515HG;3;Schildersbuurt;Centrum;52.06934731937175; 4.3134868010056815;5
Vereniging Van Eigenaars Van De Woningen Frederikstraat 295 En 311 Tot En Met 461 (Oneven Nummers) En 297 Tot En Met 307 (Oneven Nummers) Te 'S-Gravenhage;83;2514LC;295;Willemspark;Centrum;52.087272334186686; 4.31172867923604;5
Vereniging van Eigenaars Zeemeeuw te 's-Gravenhage;82;2583ST;1;Duindorp;Scheveningen;52.09210797236225; 4.263382729274182;7
Vereniging van Eigenaars Volendamlaan 940 t/m 1102 en Volendamlaan 896 t/m 938 te 's-Gravenhage;82;2547CS;940;Leyenburg;Escamp;52.061822760786214; 4.263219788187388;1
Vereniging van Eigenaars Groot Houtrust;82;2566HE;1;Vogelwijk;Segbroek;52.08642338084301; 4.270545193500068;2
"Vereniging Van Eigenaars Volendamlaan 769 T/M 931 En Volendamlaan 725/767 Te 'S-Gravenhage Is Geheten ""Flat Groenhoven""";82;2547CB;769;Leyenburg;Escamp;52.06229929716351; 4.263102395645859;4
Vereniging Van Eigenaars De Markthof 'S-Gravenhage;82;2512AM;437;Centrum;Centrum;52.07657671868685; 4.314791994937545;1
V.V.E. Van Hogendorpstraat 21-109/Van Der Duynstraat 130-212 Den Haag;82;2515NS;27;Stationsbuurt;Centrum;52.07233945893064; 4.318018106695206;5
Vereniging van Eigenaars Gebouw Apeldoornselaan 151/217 (oneven nummers), Heelsumstraat 161/193 (oneven nummers), Hoenderloostraat 2/26, 40/86 (even nummers) te 's-Gravenhage;81;2573RM;4;Rustenburg en Oostbroek;Escamp;52.067285342973356; 4.280993893919495;6
Vereniging van Eigenaars Doornstraat 201 tot en met 383 (oneven) te 's-Gravenhage;81;2584AM;201;Geuzen- en Statenkwartier;Scheveningen;52.100379164177745; 4.276173831122496;2
Vereniging Van Eigenaars Volendamlaan 714 Tot En Met 874 (Even Nummers) Te 'S-Gravenhage;81;2547CL;714;Leyenburg;Escamp;52.06230801587963; 4.268570404304727;4
Vereniging Van Eigenaars De Rade 140 Tot En Met 152(Even Nummers) En Berenrade 1 Tot En Met 5-F(Oneven Nummers) Te Den Haag;81;2544HV;1;Bouwlust/Vrederust;Escamp;52.0460655645534; 4.260885457514878;4
Vereniging van Eigenaars Woningen/Bergingen Treublaan 11 tot en met 169 (oneven nummers) te s Gravenhage;80;2555HB;11;Waldeck;Loosduinen;52.06613781868352; 4.24539423406652;5
Vereniging van Eigenaars Treublaan 7 tot en met 169 (oneven nummers) De Savornin Lohmanplein 8 tot en met 27, 30 tot en met 42, 44 en 45 te s-Gravenhage;80;2555HB;11;Waldeck;Loosduinen;52.06613781868352; 4.24539423406652;5
Vereniging van Eigenaars Flatgebouw Duinwijkck, van Alkemadelaan 350 te 's-Gravenhage;80;2597AS;350;Benoordenhout;Haagse Hout;52.10004702652202; 4.320109831980943;1
Vereniging van Eigenaars 2e Eeldepad 1 tot en met 53 (oneven nummers), Eeldeplantsoen 35 tot en met 105 (oneven nummers) en 3e Eeldepad 2 tot en met 54 (even nummers) te Den Haag;80;2541JH;1;Morgenstond;Escamp;52.0426926350727; 4.2755837467833935;4
Vereniging Van Eigenaars Purmerendstraat 73 T/M 271 Heiloostraat 571 T/M 645 Te 'S-Gravenhage;80;2547JB;75;Leyenburg;Escamp;52.061365223726256; 4.267911697804766;4
Vereniging Van Eigenaars Palace-Appartementen Ii, Gevers Deynootweg 832 Tot En Met 966a (Even Nummers) Te 'S-Gravenhage;80;2586BW;832;Belgisch Park;Scheveningen;52.114171016005876; 4.283815023849679;1
Vereniging Van Eigenaars Melis Stokelaan 1582 Tot En Met 1670 (Even Nummers), Leggelostraat 3 Tot En Met 55 (Oneven Nummers)En 1e Eeldepad 4 Tot En Met 38 ( Even Nummers) Te Den Haag;80;2541HP;3;Morgenstond;Escamp;52.04390212910633; 4.276529081469222;4
Vereniging Van Eigenaars Marnixstraat Te S Gravenhage;80;2518PZ;18;Regentessekwartier;Segbroek;52.07810361107899; 4.291000785347745;3
Vereniging Van Eigenaars Escamplaan 481 Tot En Met 679 En Heiloostraat 649 Tot En Met 723 Te 'S-Gravenhage;80;2547EB;483;Leyenburg;Escamp;52.06109566089126; 4.26839167444733;4
V.V.E. Crescent-Gebouw aan het Burgemeester de Monchyplein 112-198 te 's-Gravenhage;80;2585DG;112;Archipelbuurt;Centrum;52.088610161861624; 4.302484563682099;2
Vereniging van ondereigenaars woningen Gebouw De Parnassijn aan de Sint Jacobstraat, de Gedempte Gracht en het Rabbijn Maarsenplein te 's-Gravenhage;79;2512HJ;10;Centrum;Centrum;52.07580920930312; 4.314102144176943;3
Vereniging Van Eigenaars Laan Van Wateringseveld Te 'S-Gravenhage Blok 5;79;2548TZ;3;Wateringse Veld;Escamp;52.022142233652; 4.295529939688215;3
Vereniging Van Eigenaars Laan Van Wateringse Veld Hoek Middenweg En Hoek Reykjavikweg;79;2548VB;3;Wateringse Veld;Escamp;52.021142902782316; 4.296793873561868;3
"VVE winkel-/woongebouw ""Hogeveld"" aan de Laan van Wateringseveld te 's-Gravenhage";79;2548CL;498;Wateringse Veld;Escamp;52.03106484120844; 4.287358930787222;2
"Vereniging van Eigenaars Theatergebouw aan het Spui"" te 's-Gravenhage";78;2512AE;4;Centrum;Centrum;52.07609440709901; 4.3160554426961575;2
Vereniging Van Eigenaren Jan Muschlaan 20 T/M 186, Cees Laseur- Laan 142 T/M 206 Te 'S-Gravenhage;78;2597TW;20;Benoordenhout;Haagse Hout;52.104632257912584; 4.32662999515529;6
De Vereniging van Eigenaars Binck Toren Hoog, Zodiakplein 2 tot en met 90 te ‘s-Gravenhage;78;2516CD;12;Binckhorst;Laak;52.06201305628835; 4.341763359479066;1
vereniging van eigenaars oosterhesselenstraat,dedemsvaartweg,valthestraat te 's-gravenhage;77;2545TA;39;Morgenstond;Escamp;52.0454962546185; 4.271885262824529;6
vereniging van eigenaars koningstraat 249 tot en met 315 (oneven), waterloostraat 2 tot en met 50 (even) en wellingtonstraat 1 tot en met 61 (oneven) te 's-gravenhage;77;2515HM;3;Schildersbuurt;Centrum;52.07008315458805; 4.312806403351984;5
Vereniging van Eigenaars (woningen) Waldorpstraat 215b tot en met 215m6 te 's-Gravenhage;77;2521CJ;215;Laakkwartier en Spoorwijk;Laak;52.06297157018766; 4.312362402230977;1
"VVE ""Vereniging van Eigenaars Vleerstraat 27 tot en met 93 (oneven nummers), Geest 62 tot en met 92 (even nummers) en Korte Vleerstraat 33 tot en met 97 (oneven nummers)""";77;2513VH;27;Centrum;Centrum;52.077061809844; 4.303749166473535;4
"vereniging van eigenaars ""de binnenhof""aan de oostergosingel, westergosingel en de zevenwoudenlaan te 's-gravenhage";76;2548NW;39;Wateringse Veld;Escamp;52.033594156723304; 4.291969773795642;2
Vve 79 Appartementen Hoge Veld S Gravenhage;76;2548HH;7;Wateringse Veld;Escamp;52.030102801641114; 4.2881923694548885;3
"Vereniging van Eigenaars Stadhouderslaan & Verhulstplein ""Blok 1"" te 's-Gravenhage";76;2517SK;232;Duinoord;Scheveningen;52.08553587541773; 4.275800334492924;1
Vereniging van Eigenaars Kalvermarkt 8, 8A, 8B, 8C, 8D, 8E, 8F, 8G, 8H, 10,10A, 10B, 10C, 10D, 10E, 10F, 10G, 10H, 10J, 10K, 10L, 10M, 10N, 10P, 10Q, 10R, 12, 12A, 12B, 12C, 12D, 12E, 12F, 12G, 12H,12;76;2511CB;8;Centrum;Centrum;52.077984944098944; 4.315437822887735;1
Vereniging van Eigenaars Hoefkade 99/107 N en Falckstraat 52/94 te 's-Gravenhage;76;2515KT;52;Stationsbuurt;Centrum;52.069944345901206; 4.315759971493866;3
Vereniging Van Eigenaars Woningen Hobbemastraat En Van Der Neerstraat Nummers Te Den Haag;76;2525BL;1;Schildersbuurt;Centrum;52.067745006000735; 4.301037977714269;7
Vereniging Van Eigenaars Sirtemastraat 209 Tot En Met 467 (Oneven Nummers) Te 'S-Gravenhage;76;2513XK;209;Centrum;Centrum;52.07569446216869; 4.296958543181039;4
Vereniging Van Eigenaars Escamplaan 292/440, Monnikendamplein En Heiloostraat 582/654 Te 'S-Gravenhage;76;2547CW;82;Leyenburg;Escamp;52.06174060566213; 4.270317093752247;4
Onder- Vereniging van eigenaars woningen 1e Lulofsdwarsstraat 2- A tot en met 8-A (even nummers) te 's-Gravenhage;76;2521AZ;2;Laakkwartier en Spoorwijk;Laak;52.06140045451473; 4.314051302986031;1
Vereniging van Eigenaars Herman Costerstraat 149 en 150, Retiefstraat 1 tot en met 43, Engelenburgstraat 176 tot en 186 en Steijnlaan 2 tot en met 58 te s Gravenhage;75;2571PS;3;Transvaalkwartier;Centrum;52.0691639904927; 4.29303700829678;5
Vereniging van Eigenaars Flatgebouw Lopikplein 25 tot en met 36 (doorlopend genummerd), Nieuwersluisstraat 1 tot en met 119 (oneven nummers) en Rijsenburgstraat 6, 8 en 10 te 's-Gravenhage;75;2546RP;1;Leyenburg;Escamp;52.059143121648354; 4.2706473002765275;5
Vereniging van Eigenaars De Vliegenier te 's-Gravenhage;75;2497EC;102;Ypenburg;Leidschenveen-Ypenburg;52.04137439859267; 4.366029846764104;4
Vereniging Van Eigenaars Hobbemastraat/Ruysdaelstraat/Hobbemaplein/Van Der Veldestraat Te 'S Gravenhage;75;2525AT;49;Schildersbuurt;Centrum;52.068071866232394; 4.298892558309165;6
vereniging van eigenaars spui 29b tot en met 43d (oneven) te s gravenhage;74;2511BL;29;Centrum;Centrum;52.077726192904095; 4.3141389605353835;1
VvE ondersplitsing woningen Hellingkade 68 tot en met 88, 92 tot en met 112, 116 tot en met 154, 158 tot en met 178, 182 tot en met 202, 206 tot en met 226 (even nummers) gebouw ZuidKade;74;2583WC;68;Scheveningen;Scheveningen;52.09681967374686; 4.261876900205251;1
Vereniging van Eigenaars Wolmaransstraat 101 tot en met 175 (oneven nummers), Bloemfonteinstraat 10 tot en met 80 (even nummers) en Kempstraat 80 tot en met 102 (even nummers) te s Gravenhage;74;2572JH;10;Transvaalkwartier;Centrum;52.06534104568153; 4.294396149482559;5
Vereniging van Eigenaars Van Bassenstraat 7 tot en met 153 (oneven nummers) en Parallelweg 83 tot en met 97 (doorlopend genummerd) te 's-Gravenhage;74;2515JA;11;Schildersbuurt;Centrum;52.06656239161487; 4.314708388836661;4
vereniging van eigenaars waldeck state te 's-gravenhage;73;2551NK;470;Waldeck;Loosduinen;52.05900803693839; 4.23633473407078;2
Vereniging van Eigenaars van het Gebouw “Parkzicht 1” aan de Segbroeklaan 406 tot en met 414 R (even nummers) en Hanenburglaan 93, 99, 101, 107, 109, 115 en 117 in Den Haag;73;2565EA;406;Bomen- en Bloemenbuurt;Segbroek;52.080528587219085; 4.266625308237465;5
Vereniging van Eigenaars Zeemeeuw fase II blok 2 te s Gravenhage;73;2583SE;2;Duindorp;Scheveningen;52.09406967035495; 4.260768774710014;3
Vereniging van Eigenaars Segbroeklaan 416/424N te 's-Gravenhage;73;2565EG;416;Bomen- en Bloemenbuurt;Segbroek;52.079891029695375; 4.2655671226300775;5
Vereniging Van Eigenaars Woningen Jan Van Goijenstraat/Vaillantlaan Te S Gravenhage;73;2526RM;102;Schildersbuurt;Centrum;52.06712488970651; 4.304551405521567;4
Vereniging Van Eigenaars Slachthuisstraat 19 Tot En Met 169 (Oneven Nummers)/Laakweg 197;73;2521SH;19;Laakkwartier en Spoorwijk;Laak;52.06441926313676; 4.323307075442492;3
"""Vereniging van Eigenaars Gebouw Erasmushove aan de Martinus Nijhoffweg te 's-Gravenhage""";73;2548ER;101;Wateringse Veld;Escamp;52.03700669366906; 4.27586229710994;1
Vereniging van Ondereigenaars Spui 304 tot en met 446 (even nummers) te 's gravenhage;72;2511BZ;304;Centrum;Centrum;52.075280268448466; 4.3203408689942515;1
Vereniging van Eigenaars van het gebouw Elviraland 10/164B te 's-Gravenhage;72;2591GH;10;Mariahoeve en Marlot;Haagse Hout;52.09627406947067; 4.363922848624882;4
Vereniging van Eigenaars Vreeswijkstraat 157 tot en met 285 's-Gravenhage;72;2546AE;157;Leyenburg;Escamp;52.059412587282104; 4.278785440330621;3
Vereniging van Eigenaars Landréstraat 783 tot en met 995 (oneven nummers) te 's-Gravenhage;72;2551BH;791;Waldeck;Loosduinen;52.05940605802629; 4.226801253396646;6
Vereniging van Eigenaars Hertzogstraat te s Gravenhage;72;2572XB;100;Transvaalkwartier;Centrum;52.066775242817414; 4.292708877906283;5
Vereniging Van Eigenaars Weena Te 'S-Gravenhage;72;2574XG;6;Rustenburg en Oostbroek;Escamp;52.066110194449585; 4.276473535220048;3
Vereniging Van Eigenaars Volendamlaan 2 T/M 108 Even Nr. En Monnikendamplein 101 T/M 127 Te 'S-Gravenhage;72;2547CH;2;Leyenburg;Escamp;52.06189562603624; 4.272647794155628;4
"Vereniging Van Eigenaars Van Het Gebouw Elviraland 180/334b Te 'S Gravenhage""";72;2591GM;180;Mariahoeve en Marlot;Haagse Hout;52.09671619685091; 4.365036795808086;4
Vereniging Van Eigenaars Vaillantlaan 381 Tot En Met 519, Frans Halsstraat 75 T/M 81a En Gebriel Metsustr 86 T/M 98 Te S-Gravenhage;72;2525VV;75;Schildersbuurt;Centrum;52.06418177162974; 4.308998636270768;6
Vereniging Van Eigenaars Teunisbloemplein 20 Tot En Met 91 Te 'S-Gravenhage;72;2555AB;20;Bohemen en Meer en Bos;Loosduinen;52.06251169111093; 4.2272884349371544;1
Vereniging Van Eigenaars Scheveningseweg 25 T/M 141 En Rusthoekstraat 2 T/M 22 A, Te 'S-Gravenhage;72;2584CS;2;Scheveningen;Scheveningen;52.10093226073805; 4.281803945707442;6
Vereniging Van Eigenaars Ridderspoorweg 4-176 (Even Nrs) Te 'S-Gravenhage;72;2565AL;4;Bohemen en Meer en Bos;Loosduinen;52.06812537125173; 4.246725451426547;4
Vereniging Van Eigenaars Landrestraat 569 T/M 781(Oneven Nrs) Te 'S-Gravenhage;72;2551BA;577;Waldeck;Loosduinen;52.060370446609035; 4.227029392901921;6
Vereniging Van Eigenaars Ivoorhorst 151/395 (Oneven) Te 'S-Gravenhage;72;2592TH;157;Mariahoeve en Marlot;Haagse Hout;52.090614738997566; 4.354043760479893;4
Vereniging Van Eigenaars Heliotrooplaan 354 A/T, 356 A/T, 358 A/T, 360 A/T Te 'S-Gravenhage;72;2555MK;354;Bohemen en Meer en Bos;Loosduinen;52.066172164339676; 4.227546194507763;1
Vereniging Van Eigenaars Escamplaan 682/860 En Ilpendamlaan 1 T/M 65 Te 'S-Gravenhage;72;2547ET;684;Leyenburg;Escamp;52.05961980141621; 4.266548247651915;3
Vereniging Van Eigenaars Dedemsvaartweg 948 Tot En Met 1036 (Even Nummers) En Melis Stokelaan 1672 Tot En Met 1742 (Even Nummers) Te Den Haag;72;2545BD;948;Morgenstond;Escamp;52.04322615198167; 4.274557107972929;4
Vereniging Van Eigenaars Albert Termotestraat 25 T/M 203 ( Oneven Nummers );72;2552WB;27;Loosduinen;Loosduinen;52.055164183657425; 4.24683920911721;3
"""Vereniging Van Eigenaars Van Het Gebouw Gradaland 9/163b Te 'S Gravenhage""";72;2591HB;9;Mariahoeve en Marlot;Haagse Hout;52.09729406588057; 4.3643248494092495;4
"""Vereniging Van Eigenaars Vaillantlaan 207 En Verder 313 En Verder Versponckstraat 18,20,24,26 En 28 Te ""S-Gravenhage""";72;2525RP;18;Schildersbuurt;Centrum;52.06723064763592; 4.303106362841174;3
Vereniging van Eigenaars Woningen Betje Wolffstraat 171, 171a tot en met 171h, 173, 173a tot en met 173h, 175, 175a tot en met 175h, 177, 177a tot en met 177h, 211, 211a tot en met 211h, 213, 213a tot;71;2533HM;171;Moerwijk;Escamp;52.04832308109652; 4.291136315768269;1
Vereniging van Eigenaars Trompstraat 3a tot en met 3h, 3j, 3k, 5a, 5a-1 tot en met 5a-15, 5b, 5b-1 tot en met 5b-15, 5c, 5c-1 tot en met 5c-15, 5d, 5d-1 tot en met 5d-11 en 5e te 's-Gravenhage;71;2518BL;3;Zeeheldenkwartier;Centrum;52.083044124143875; 4.299903838376463;1
Vereniging van Eigenaars Laan van de Mensenrechten I te 's-Gravenhage;71;2552NS;30;Loosduinen;Loosduinen;52.059758195948724; 4.261002143140884;4
Vereniging van Eigenaars Fijnjekade 11 tot en met 82 (even en onven nummers) te Den Haag;71;2521CP;11;Laakkwartier en Spoorwijk;Laak;52.06885549446659; 4.326215112438539;2
Vereniging Van Eigenaars Woningen Hemsterhuisstraat 142 Tot En Met 212 (Even Nummers)/Zorgvlietstraat 143 Tot En Met 215 (Oneven Nummers) En Stallinggarage Hemsterhuisstraat 140/Zorgvlietstraat 141 Te;71;2513RE;144;Zeeheldenkwartier;Centrum;52.07941574445971; 4.297773305584012;3
Vereniging Van Eigenaars Aquadriga Toren 4 Te 'S-Gravenhage;71;2521DV;239;Laakkwartier en Spoorwijk;Laak;52.06759846951234; 4.327222977819458;1
Vereniging Van Eigenaars Albert Schweitzerlaan 1/Escamplaan 901-1059 Te S Gravenhage;71;2552PD;1;Loosduinen;Loosduinen;52.05728403104299; 4.260851664190951;4
Vereniging van Eigenaars Hoge Veld West Blok 7 te s Gravenhage;70;2548JA;3;Wateringse Veld;Escamp;52.029889176993365; 4.286526191767958;2
Vereniging van Eigenaars Catharina van Rennesstraat 3 tot en met 149, exclusief de nummers 31, 61, 91 en 121 en Jacques Urlusstraat 2 tot en met 80 te 's-Gravenhage;70;2551GG;3;Waldeck;Loosduinen;52.061978655864856; 4.235641344886478;5
Vereniging Van Eigenaars Residentie Seinpost Scheveningen Te 'S-Gravenhage;70;2586EC;42;Scheveningen;Scheveningen;52.10904416072224; 4.27549672286709;1
Vereniging Van Eigenaars Jacques Urlusstraat 3 T/M 149 En De Nijsstraat 20 T/M 80 Te 'S-Gravenhage;70;2551GW;3;Waldeck;Loosduinen;52.06171754501915; 4.234841416002218;5
Vereniging Van Eigenaars Hoefkade 42 En Kraijenhoffstraat 19 Tot En Met 91 (Oneven) En Jan Blankenstraat 64 Tot En Met 64 (Even) Te 'S-Gravenhage;70;2515RA;19;Stationsbuurt;Centrum;52.07067578992506; 4.319787640699947;3
Vereniging Van Eigenaars De Nijsstraat 3 T/M 149 En Richard Holstraat 20 T/M 80 Te 'S-Gravenhage;70;2551HD;3;Waldeck;Loosduinen;52.06144979139736; 4.2340448029113125;4
Vereniging Van Eigenaars Alphons Diepenbrock II;70;2551LD;94;Waldeck;Loosduinen;52.05922944096868; 4.231126506499933;1
Vereniging van eigenaars Roemer Visscherstraat 141 tot en met 301 (oneven nummers) te 's-Gravenhage;69;2533VG;141;Moerwijk;Escamp;52.05157193348486; 4.291204537866765;4
Vereniging van Eigenaars dE LA REYWEG/Delagoastraat te 's-Gravenhage;69;2571GJ;378;Transvaalkwartier;Centrum;52.0634899282906; 4.290103800814588;4
Vereniging van Eigenaars Parkstraat 101 tot en met 241 te 's-Gravenhage;69;2514JH;103;Centrum;Centrum;52.08389611996252; 4.307551352098611;1
Vereniging van Eigenaars Lumen - Vuurtorenweg 35 tot en met 175 te 's-Gravenhage;69;2583XL;35;Scheveningen;Scheveningen;52.10389719041031; 4.268043737459369;1
Vereniging Van Eigenaren Rijsenburgstraat 7/9/11 en Nieuwersluisstraat 121 tot en met 251;69;2546ER;7;Leyenburg;Escamp;52.0581203606853; 4.268748082173988;4
Vereniging Van Eigenaars Van Het Gebouw De Ekster Te 'S-Gravenhage;69;2516ED;45;Laakkwartier en Spoorwijk;Laak;52.06854462428877; 4.327128278645874;2
Vereniging Van Eigenaars Laan Van Wateringse Veld Hoek Middenweg En Hoek Kopenhagenweg;69;2548TR;3;Wateringse Veld;Escamp;52.02070494473512; 4.295582981129687;3
Vereniging Van Eigenaars Flatgebouw Reigersbergen Het Kleine Loo Nrs. 120/188,Haverkamp Nrs. 365/433 Te 'S-Gravenhage;69;2592CH;120;Mariahoeve en Marlot;Haagse Hout;52.08971637878819; 4.353226150228265;4
"""Vereniging Van Eigenaars Peilstraat 77-89/Trekweg 137-201/Trekweg 140-200/Molenaarstraat 14,16,22 En 24 'S-Gravenhage""";69;2516RS;14;Laakkwartier en Spoorwijk;Laak;52.065980143385566; 4.334717297422384;6
Vereniging van Eigenaars Richard Holstraat 3 tot en met 149 en van Beinumstraat 20 tot en met 80 te 's-Gravenhage;68;2551HL;3;Waldeck;Loosduinen;52.061189643197714; 4.233248834377651;5
Vereniging Van Eigenaren Regentesseplein 147 T/M 215, Regentesselaan 102,Weimarstraat 69;68;2562CV;102;Regentessekwartier;Segbroek;52.07749534862465; 4.282967524602045;4
Vereniging Van Eigenaars Van Het Onderappartementsrecht Recht Gevende Op De Woningen In Het Gebouw Aan De Leyweg En De Grevenbergstraat Te 'S-Gravenhage.;68;2545NW;7;Morgenstond;Escamp;52.04640215964505; 4.278105352874082;3
Vereniging Van Eigenaars Leyweg 22 T/M 66a, 68a,74a,74b,80a,80b, Edamstraat 309 T/M 251 En Leyweg 70 T/M 74, 76 T/M 80 Te 'S-Gravenhage;68;2545CM;22;Leyenburg;Escamp;52.060683368851194; 4.262646595497108;3
"""Vereniging Van Eigenaars Gebouw Tussenstrook I Te 'S-Gravenha- Ge, Gelegen Aan De Elandstraat, Waldeck Pyrmontkade, Witte De Withstraat En Helmersstraat""";68;2518KJ;266;Zeeheldenkwartier;Centrum;52.078829429079896; 4.292298468904887;2
Vereniging van Eigenaars Koningin Sophiestraat 120 tot en met 242 (even nummers);67;2595TM;120;Bezuidenhout;Haagse Hout;52.08018759696408; 4.338010481772073;1
Vereniging van Eigenaars Kompasstraat 1 tot en met 23 (oneven nummers) te 2583 XV 's-Gravenhage en Zeekant 18 tot en met 27 te 2586 NB, 2586 NC en 2586 ND 's-Gravenhage;67;2583XV;1;Scheveningen;Scheveningen;52.105858925232766; 4.270262639472371;4
"Vereniging Van Eigenaars Stationsweg 113 Tot En Met 126(Oneven) Van Limburg Stirumstraat 4 Tot En Met 22(Even)En 26;Stationsweg 101,109 En 111 En Hoefkade 3 En 5 Te 'S Gravenhage";67;2515PE;4;Stationsbuurt;Centrum;52.07194194937138; 4.319836068054192;2
Vereniging Van Eigenaars Noord West Buitensingel 10 Tot En Met 18e En Zamenhofstraat 2b Tot En Met 4e Te S Gravenhage;67;2518PB;2;Regentessekwartier;Segbroek;52.07471175689772; 4.295224925268307;2
Vereniging Van Eigenaars Laan Van Wateringseveld Blok 2 Te 'S-Gravenhage;67;2548BV;1149;Wateringse Veld;Escamp;52.022057566561756; 4.2938938502875885;2
Vereniging Van Eigenaars 68 Woningen Stellenbosch Te 'S-Gravenhage;67;2572RR;34;Transvaalkwartier;Centrum;52.06273843569181; 4.2982863505058395;6
vereniging van eigenaars falckstraat 3 tot en met 63, hoefkade 107r tot en met 111b en tullinghstraat 4 tot en met 82 te 's-gravenhage;66;2515KE;4;Schildersbuurt;Centrum;52.07009280099821; 4.315191504901777;5
vereniging van eigenaars domus a mari te s gravenhage;66;2553PR;11;Kraayenstein en Vroondaal;Loosduinen;52.044427697725354; 4.205757120957544;1
vereniging van eigenaars cromvlietplein/peilstraat;66;2516KR;51;Laakkwartier en Spoorwijk;Laak;52.06607407669081; 4.334050601785074;4
VvE woningen en bedrijfsruimte Stortenbekerstr. 129b t/m 135, 135b t/m 177(oneven) V.Ostadestr 364a t/m 394b (even), Vaillantln 317 t/m 339 (oneven) stallingsgarage Stortenbekerstr 135a 's-Gravenhage;66;2525SE;131;Schildersbuurt;Centrum;52.06531318668136; 4.305236075266779;4
Vereniging van eigenaars gebouw White Nile te 's-Gravenhage;66;2521CK;568;Laakkwartier en Spoorwijk;Laak;52.06136766844644; 4.311654985549514;1
Vereniging van Eigenaars Stuwstraat 176 tot en met 278A te 's-Gravenhage;66;2516TP;176;Laakkwartier en Spoorwijk;Laak;52.06411154976245; 4.336375478935655;3
Vereniging van Eigenaars Duke Ellingtonstraat 75 tot en met 217 (oneven nummers) te 's-Gravenhage;66;2551WB;75;Waldeck;Loosduinen;52.0565516192191; 4.238159810383097;2
Vereniging van Eigenaars Burgemeester de Monchyplein, gebouw Capitool-woningen te 's-Gravenhage;66;2585DD;40;Archipelbuurt;Centrum;52.08931750657024; 4.304653154213649;2
Vereniging Van Eigenaars Rossinilaan 325/471 Te 'S-Gravenhage;66;2551MV;325;Waldeck;Loosduinen;52.06232340251641; 4.242087125542076;2
VVE Van Ruysbroekstraat 150 tot en met 268 (even nummers) en Anna Bijnslaan 44 tot en met 54 (even nummers) en te 's-Gravenhage;66;2531XB;44;Moerwijk;Escamp;52.052955348069716; 4.302514713443342;4
Vereniging van Eigenaars Gramsbergenlaan 1 tot en met 53 (oneven) en Maartensdijklaan 131 tot en met 219 (oneven) en Meppelweg 52 tot en met 100 (oneven) te 's-Gravenhage;65;2541AE;1;Morgenstond;Escamp;52.05359919324043; 4.274098535797005;4
Vereniging van Eigenaars De Wijde Blik I, Erasmusplein 150 tot en met 215 te 's-Gravenhage;65;2532ET;150;Moerwijk;Escamp;52.05035569109384; 4.300800841433557;4
Vereniging Vaneigenaars Escamplaan/A.Schweitzerlaan/D.Hammerskjoldstraat/M.L.Kinglaan Te S Gravenhage;65;2552PS;2;Loosduinen;Loosduinen;52.05811780312253; 4.263179172519539;3
Vereniging Van Eigenaren Ruychrocklaan 350 T/M 498,C.Ruyslaan 101 T/M 225 Te 'S-Gravenhage;65;2597EE;350;Benoordenhout;Haagse Hout;52.10383693365137; 4.328163861632008;5
Vereniging Van Eigenaars Netscherstraat Delftselaan En Van Der Neerstraat Te S Gravenhage;65;2525CL;5;Schildersbuurt;Centrum;52.06974739549274; 4.299124907700694;5
Vereniging Van Eigenaars Middachtenweg 2-4,Erasmusplein150-215 Te 'S-Gravenhage (Fictief);65;2532ET;150;Moerwijk;Escamp;52.05035569109384; 4.300800841433557;4
Vereniging Van Eigenaars 'T Fort Te 'S-Gravenhage;65;2526XR;1;Schildersbuurt;Centrum;52.06574441068865; 4.312056161559741;4
vereniging van appartementseigenaars gebouw melis stokelaan 912 tot en met 1048 (even nummers) te 's-gravenhage;64;2541EB;912;Morgenstond;Escamp;52.048060437252936; 4.283829131458176;3
Vereniging van eigenaars woningen Genemuidenstraat nrs. 9 t en met 57, 65 tot en met 139 en 149 te s gravenhage;64;2545PN;9;Morgenstond;Escamp;52.049373911508226; 4.282051132931133;3
"Vereniging van eigenaars Woontoren blok B, F1 en F2 gebouw """"t Hoge Veen"" te Leidschenveen (gemeente 's-Gravenhage)";64;2492JN;126;Leidschenveen;Leidschenveen-Ypenburg;52.065067670739225; 4.402273006111783;1
Vereniging Van Eigenaars Van Het Multi-Functioneel Complex Panama 'S-Gravenhage;64;2548CJ;328;Wateringse Veld;Escamp;52.032491290456704; 4.286433072326249;2
Vereniging Van Eigenaars Gebouw Noordwal Nabij De Breedstraat Te 'S-Gravenhage;64;2513EB;40;Centrum;Centrum;52.07891577001302; 4.301261906426387;3
Vereniging Van Eigenaars Complex 88 Gerard Doustraat/Hobbemastraat I/Paletplein Te 'S-Gravenhage;64;2526NH;50;Schildersbuurt;Centrum;52.07020191492241; 4.302027428196119;2
Vereniging Van Eigenaars Centrumplan Ypenburg B Laagbouw Te 'S-Gravenhage;64;2496SC;8;Ypenburg;Leidschenveen-Ypenburg;52.04121306855249; 4.368644198441275;3
Vereniging Van Eigenaars Aquadriga Toren 2 Te 'S-Gravenhage;64;2521DS;96;Laakkwartier en Spoorwijk;Laak;52.06843061795826; 4.3265308227223995;1
Vereninging van Eigenaars Johan de Witt;63;2571SB;198;Transvaalkwartier;Centrum;52.06760896168042; 4.2877926201068695;2
Vereniging van Ondereigenaars Podium i woningen Melis Stokelaan te s Gravenhage;63;2542AP;383;Bouwlust/Vrederust;Escamp;52.03968859731095; 4.267878861622493;4
Vereniging van Eigenaars woningen Kalhuisplaats 4-128 te ‘s-Gravenhage;63;2586JR;4;Scheveningen;Scheveningen;52.10727273626648; 4.272298253657211;2
Vereniging van Eigenaars hoofdsplitsing Kalhuisplaats 4-140 te ’s-Gravenhage;63;2586JR;4;Scheveningen;Scheveningen;52.10727273626648; 4.272298253657211;2
Vereniging van Eigenaars Zeemeeuw fase II blok 1 te s Gravenhage;63;2583GC;3;Duindorp;Scheveningen;52.09300535218235; 4.2620011561097835;3
Vereniging van Eigenaars Treilerdwarsweg 2 tot en met 134 (even nummers) en Treilerweg 65 te 's-Gravenhage;63;2583DA;2;Scheveningen;Scheveningen;52.10140489422198; 4.2693240157313435;1
Vereniging van Eigenaars KOINONIA II (Isabellaland 1390 tot en met 1526) te 's-Gravenhage;63;2591EE;1402;Mariahoeve en Marlot;Haagse Hout;52.09663573104586; 4.367454615007166;3
Vereniging van Eigenaars Falckstraat 104 tot en met 180, Hoefkade 358 tot en met 428 en Naaldwijksestraat 7 tot en met 19 te s Gravenhage;63;2515KW;7;Schildersbuurt;Centrum;52.06977055439123; 4.317084817570228;6
Vereniging Van Eigenaren Residence Chateau Bleu Te 'S-Gravenhage;63;2594BA;15;Haagse Bos;Haagse Hout;52.09665735045525; 4.3446484155782885;1
Vereniging Van Eigenaars Stationsplein 3 Tot En Met 23, Kraijenhofstraat 101 Tot En Met 108 En Jan Blankenstraat 177 Tot En Met205 (Oneven);63;2515BT;6;Stationsbuurt;Centrum;52.06987290387212; 4.320186113701355;4
Vereniging Van Eigenaars Kornalijnhorst 272 T/M 402 ( Even Nrs.)Te 'S-Gravenhage;63;2592JC;274;Mariahoeve en Marlot;Haagse Hout;52.09494253672992; 4.361369823446169;3
Vereniging Van Eigenaars Isabellaland 1540 T/M 1676 Koinonia I Te 'S-Gravenhage;63;2591EJ;1552;Mariahoeve en Marlot;Haagse Hout;52.09629460696849; 4.367848839040999;3
Vereniging Van Eigenaars Daal En Bergselaan 52 En Zonnebloemstraat 261/263/265 (Fictief) Te 'S-Gravenhage;63;2565RW;259;Bomen- en Bloemenbuurt;Segbroek;52.074528228552914; 4.253394717658298;1
Vereniging van Eigenaars Vlamenburg 4 tot en met 20g te 's-Gravenhage;62;2591AS;4;Mariahoeve en Marlot;Haagse Hout;52.09140659940767; 4.359078615826753;1
Vereniging van Eigenaars Louis Armstrongkade 200 tot en met 348 (even nummers) te 's-Gravenhage;62;2551WX;200;Waldeck;Loosduinen;52.056943436620735; 4.239274560004808;2
Vereniging Van Eigenaars Stadsappartementen Hoogeveenlaan Te 'S-Gravenhage;62;2545TE;5;Morgenstond;Escamp;52.048122273692826; 4.271133502087823;3
Vereniging Van Eigenaars Rijswijkse Landingslaan Te S Gravenhage;62;2497TD;134;Ypenburg;Leidschenveen-Ypenburg;52.03444170545254; 4.363064505447665;2
Vereniging van Eigenaars Woningen/Bergingen/Stallingplaatsen De Reder aan de Dr.Lelykade te s Gravenhage;61;2583CB;7;Scheveningen;Scheveningen;52.0968567428436; 4.26963734119023;3
Vereniging Van Eigenaars Seinpostduin 401 T/M 557 (Oneven) Gevers Deynootweg 14 Te 'S-Gravenhage;61;2586ED;403;Scheveningen;Scheveningen;52.10877845146461; 4.276653220400841;2
Vereniging Van Eigenaars Residence Belgisch Park Scheveningen Badhuisweg 58 C.A. Te 'S-Gravenhage;61;2587GE;2;Belgisch Park;Scheveningen;52.10961352482698; 4.288910195710225;3
Vereniging Van Eigenaars Lijnbaan 76/194 Bleekerslaan 15/23b Te S-Gravenhagee;61;2512VE;23;Centrum;Centrum;52.07300447392072; 4.300161355115951;4
vereniging van eigenaars gebouw hubertustoren aan de van hogenhoucklaan 97 tot en met 97-62 te 's-gravenhage;60;2596TC;97;Benoordenhout;Haagse Hout;52.10138078887584; 4.315366869603708;1
Vereniging van Eigenaars ondersplitsing woningen gebouw ZuidHaven te 's-Gravenhage;60;2583WC;232;Scheveningen;Scheveningen;52.09686732534741; 4.259965789052622;2
Vereniging van Eigenaars hoofdsplitsing gebouw ZuidHaven te 's-Gravenhage;60;2583WC;232;Scheveningen;Scheveningen;52.09686732534741; 4.259965789052622;2
Vereniging van Eigenaars Moerweg 556 tot en met 690 te 's-Gravenhage;60;2531BN;558;Moerwijk;Escamp;52.05264671882262; 4.298731461925595;3
"Vereniging van Eigenaars ""Lage Veld"" gelegen aan Madridweg, Parijsplein, Middenweg en Laan van Wateringseveld";60;2548VH;200;Wateringse Veld;Escamp;52.01985009280844; 4.296592906365378;2
Vereniging Van Eigenaren Parkzicht Iv Te 'S-Gravenhage;60;2543GD;54;Bouwlust/Vrederust;Escamp;52.03539261590174; 4.257822783093047;3
Vereniging Van Eigenaren Parkzicht Iii Te 'S-Gravenhage;60;2543GH;118;Bouwlust/Vrederust;Escamp;52.036145916509405; 4.257844174049731;3
Vereniging Van Eigenaren Hengelolaan 1142 Tot En Met 1166d Te 'S-Gravenhage;60;2544GR;1142;Bouwlust/Vrederust;Escamp;52.04072046404134; 4.256853343190856;3
Vereniging Van Eigenaren Arnold Spoelplein 15 T/M 74 Te 'S-Gravenhage;60;2553CA;15;Waldeck;Loosduinen;52.054729304841125; 4.233833441182072;6
Vereniging Van Eigenaars Snoekstraat/Breedstaat/Geest/ Te S Gravenhage;60;2513TS;7;Centrum;Centrum;52.07796591640385; 4.302998821236582;3
Vereniging Van Eigenaars Gebouw Havenkwartier Dr. Lelykade Te 'S-Gravenhage (Woningen);60;2583CP;204;Scheveningen;Scheveningen;52.095446783704844; 4.267091182142368;1
Vereniging Van Eigenaars Appt.Complex (Woningen, Parkeerplaat- Sen) Fluwelen Burgwal, Korte Houtstraat En Koediefstraat Te 'S-Gravenhage;60;2511DA;62;Centrum;Centrum;52.078768448549404; 4.317681657744086;2
V.V.E. Dedemsvaartwewg 621-659,663-703,709-747 Te 'S-Gravenhage;60;2545DK;621;Bouwlust/Vrederust;Escamp;52.04490222626546; 4.271064403577332;2
Vereniging Van Eigenaars Woningen Complex De Drie Hoekjes Te 'S-Gravenhage;59;2513BB;2;Centrum;Centrum;52.078415876001046; 4.307605798486171;2
Vereniging Van Eigenaars Paletplein 9,10,11,12,13,14,17,18,19,20,21,22,Vaillantlaan 160 Tot En Met 196(Even Nummers), Gerard Doustraat 139 Tot En Met 177(Oneven Nummers) En Teniersstraat 53 Tot En Met;59;2526GW;10;Schildersbuurt;Centrum;52.06866485739101; 4.303073174149703;6
Vereniging Van Eigenaars Huijgensgracht Te S Gravenhage;59;2515MA;1;Stationsbuurt;Centrum;52.07371496703474; 4.320025657231169;2
(Onder)Vereniging van Eigenaars Treilerweg 72 tot en met 80 (even nummers) te 's-Gravenhage;59;2583DD;74;Scheveningen;Scheveningen;52.101950189046775; 4.270325440270599;1
vereniging van eigenaars ammunitiehaven, bleekveld en nieuwe havendwarsstraat te 's-gravenhage;58;2511ZB;10;Centrum;Centrum;52.076486126445836; 4.319908490557413;3
Vereniging van Eigenaars van het gebouw Mollenberch Looijerstraat/Paviljoensgracht te 's-Gravenhage;58;2512CK;6;Centrum;Centrum;52.07301613805438; 4.311602992570262;4
Vereniging van Eigenaars Pasteurstraat 301 tot en met 425 te s Gravenhage;58;2522VV;309;Laakkwartier en Spoorwijk;Laak;52.05894432562628; 4.332507980424106;2
Vereniging van Eigenaars Johan van Oldenbarneveltlaan 21H tot en met 33H te 's-Gravenhage;58;2582NG;23;Geuzen- en Statenkwartier;Scheveningen;52.096572316266986; 4.283462965218424;2
Vereniging van Eigenaars Complex Parnassus aan het Clioplein en Muzenplein te 's-Gravenhage;58;2511GL;4;Centrum;Centrum;52.07968298608416; 4.320207688155835;2
Vereniging Van Eigenaren Traviatastraat 6 T/M 200 Even Nummers Te 'S-Gravenhage;58;2555VH;74;Waldeck;Loosduinen;52.064902579713845; 4.24243858647008;4
Vereniging Van Eigenaars Van De Woningen Complex Parnassus Te 'S-Gravenhage, Gelegen Te 'S-Gravenhage, Aan Het Clioplein En Het Muzenplein, Gevestigd Te 'S-Gravenhage;58;2511GL;4;Centrum;Centrum;52.07968298608416; 4.320207688155835;2
Vereniging Van Eigenaars Thorbeckestate Aan De Donker Curtius- Straat Te 'S-Gravenhage;58;2555VX;92;Waldeck;Loosduinen;52.06487496171968; 4.248931335944487;1
Vereniging Van Eigenaars Erasmusplein 90 Tot En Met 147,Erasmus-Weg 230 En Grovestinsstraat 1,3,5 En 7 Te 'S-Gravenhage;58;2532EP;90;Moerwijk;Escamp;52.049703552058126; 4.299665895484519;3
"Vereniging Van Eigenaars Appartementengebouw ""De Roef""Te S Gravenhage";58;2583DC;2;Scheveningen;Scheveningen;52.103000146324106; 4.26853108901636;2
(Onder) Vereniging van Eigenaars Treilerweg 59 tot en met 63-P (oneven nummers) te 's-Gravenhage;58;2583DB;59;Scheveningen;Scheveningen;52.10179348718697; 4.269704165613797;1
Vereniging van eigenaars Ondersplitsing Gebouw Monument Plesmanduin (A-2) aan de Plesmanweg 1-6 te 's-Gravenhage;57;2597JG;347;Westbroekpark en Duttendel;Scheveningen;52.09957693910521; 4.30262550641142;1
Vereniging van Eigenaars Willem Witsenplein 6 te Den Haag;57;2597AM;2;Benoordenhout;Haagse Hout;52.09328613748443; 4.329058236434271;4
Vereniging van Eigenaars Louis Davidsstraat 52 tot en met 168 (even nummers);57;2551EX;52;Waldeck;Loosduinen;52.05671734605514; 4.231862603304828;2
Vereniging van Eigenaars Atrium te 's-Gravenhage;57;2544WB;4;Bouwlust/Vrederust;Escamp;52.04668322007723; 4.257147854476867;1
Vereniging Van Eigenaars Woningen Terwestenstraat 5 Tot En Met 23 (Oneven Nummers), 27 Tot En Met 83 (Oneven Nummers), Terwestenpad 2 Tot En Met 24 (Even Nummers), Honthorststraat 6 Tot En Met 44 (Ev;57;2525BD;4;Schildersbuurt;Centrum;52.06580482647332; 4.300998863357232;4
Vereniging Van Eigenaars Jan Van Riebeekstraat 26-48, Charlotte De Bourbonstraat 15-55, Charlotte De Bourbonplein 10-18 En Hendrick Hamelplantsoen 1-45 Te S Gravenhage;57;2595XR;1;Bezuidenhout;Haagse Hout;52.078003950905206; 4.331538176798165;4
Vereniging Van Eigenaars Elandstraat 70/86 En Vondelstraat 109 Tot En Met 205 Te 'S-Gravenhage;57;2513GT;70;Zeeheldenkwartier;Centrum;52.080883551333415; 4.297841256213844;5
vereniging van eigenaars zevenwoudenlaan nummers 47 t/m 111 oneven en laantje van salland 14 t/m 28 even nummers te s gravenhage;56;2548NS;39;Wateringse Veld;Escamp;52.033370399425216; 4.293581005851919;1
vereniging van appartementseigenaars gebouw dedemsvaartweg 1044 tot en met 1168 (even nummers) te 's-gravenhage;56;2545BG;1044;Morgenstond;Escamp;52.04144375237699; 4.278055316180791;3
Verenigingen Van Eigenaren Hazenrade 26 / 48 (Even Nrs.) En Wol-Venrade 133 T/M 245 (Oneven Nrs.) Te 'S-Gravenhage;56;2544VL;133;Bouwlust/Vrederust;Escamp;52.04452265798498; 4.261986617676789;2
Vereniging van eigenaars van het gebouw Wezelrade 123-153A;56;2544VZ;123;Bouwlust/Vrederust;Escamp;52.04715731882459; 4.2581768976648835;2
Vereniging van Eigenaars van het gebouw Wezelrade 69-93A;56;2544VW;63;Bouwlust/Vrederust;Escamp;52.04779666990079; 4.259207994871922;2
Vereniging van Eigenaars van het gebouw Wezelrade 3-33A;56;2544VT;3;Bouwlust/Vrederust;Escamp;52.04817120491417; 4.259887351395898;2
Vereniging van Eigenaars van Alkemadelaan 506 tot en met 606 te 's-Gravenhage;56;2597AV;506;Benoordenhout;Haagse Hout;52.102451604676865; 4.31869856539594;1
Vereniging van Eigenaars Wolweversgaarde 757 tot en met 881 (oneven numnmers) te Den Haag;56;2542BG;757;Bouwlust/Vrederust;Escamp;52.03711554128291; 4.2640406338168635;3
Vereniging van Eigenaars Wolweversgaarde 477 tot en met 601 (oneven nummers) te Den Haag;56;2542BA;477;Bouwlust/Vrederust;Escamp;52.03897180085321; 4.26753854718997;3
Vereniging van Eigenaars Entreegebouw Vijverhof te Den Haag Leemansplein nummers 488 tot en met 543;56;2521EJ;488;Laakkwartier en Spoorwijk;Laak;52.066604407761396; 4.321759719519306;1
Vereniging Van Eigenaren Leyweg 656 T/M 854 (Even Nrs.) Te 'S-Gravenhage;56;2545GP;730;Morgenstond;Escamp;52.05198232972047; 4.272645171544444;3
Vereniging Van Eigenaren Het Gebouw Stokroosstraat 5 T/M 129 (Oneven) Te 'S-Gravenhage;56;2565BJ;17;Bomen- en Bloemenbuurt;Segbroek;52.07400157782038; 4.257157116186169;3
Vereniging Van Eigenaren Hazenrade 2 T/M 48 (Even Nrs.) En Wolvenrade 19 T/M 245 (Oneven Nrs.) Te 'S-Gravenhage;56;2544VJ;21;Bouwlust/Vrederust;Escamp;52.044730293432224; 4.261699961818592;2
Vereniging Van Eigenaars Wolweversgaarde 617 Tot En Met 741 (Oneven Nummers) Te Den Haag;56;2542BC;617;Bouwlust/Vrederust;Escamp;52.038029840961784; 4.265758854949517;3
Vereniging Van Eigenaars Veenendaalkade 130 T/M 254 (Even Nrs) En Lopikstraat 2 Te 'S-Gravenhage;56;2547AT;130;Leyenburg;Escamp;52.060393600270594; 4.271832397453133;3
Vereniging Van Eigenaars Hofzichtlaan 70 T/M 180 (Even Nummers) Te 'S-Gravenhage;56;2594CG;70;Mariahoeve en Marlot;Haagse Hout;52.092131276359304; 4.365929995349456;1
Vereniging Van Eigenaars Haagduin Te 'S-Gravenhage Gelegen Aan De Oude Haagweg Te 'S-Gravenhage;56;2552GJ;579;Vruchtenbuurt;Segbroek;52.063547627304374; 4.260374013935871;1
Vereniging Van Eigenaars Appartementencomplex I Gerrit Van Der Veenlaan 80 T/M 148 En 158 T/M 226 Te 'S-Gravenhage;56;2552WS;82;Loosduinen;Loosduinen;52.05489197098154; 4.248992901957893;2
vereniging van eigenaars duinstrip blok 1;55;2583NK;84;Duindorp;Scheveningen;52.08867048313107; 4.253560608332617;5
Vereniging van Eigenaars Steenzicht nummers 11 tot en met 135 (oneven nummers) te 's-Gravenhage;55;2543AA;11;Bouwlust/Vrederust;Escamp;52.044890828385; 4.26420012818737;3
Vereniging van Eigenaars Melis Stokelaan 2498 tot en met 2612 (even nummers) te s Gravenhage;55;2541GT;2500;Bouwlust/Vrederust;Escamp;52.034928846234635; 4.258904906021909;3
Vereniging van Eigenaars De Binck A3 (Binckhorstlaan) te 's-Gravenhage;55;2516BC;309;Binckhorst;Laak;52.06288463990981; 4.343456397672714;1
Vereniging Van Eigenaars Van Het Complex Albert Rousselstraat 6-84, 23-45 En Debussystraat 2-18 'S-Gravenhage;55;2551ZZ;2;Waldeck;Loosduinen;52.06013264256392; 4.244993286136847;4
Vereniging Van Eigenaars Leyweg Nummers 224 T/M 270 (Even) En Veenendaalkade Nummers 485 T/M 491, 495 T/M 509, 513 T/M 527, 531 T/M 545 En 549 T/M 555 (Oneven ) Te 'S-Gravenhage;55;2545EB;224;Leyenburg;Escamp;52.05814712613654; 4.2653025821084904;3
Vereniging Van Eigenaars Het Kleine Loo Denenburg 2/116 Te 'S-Gravenhage;55;2591AD;2;Mariahoeve en Marlot;Haagse Hout;52.089593387373014; 4.354823583031558;1
Vereniging Van Eigenaars Burgemeester De Monchyplein,Gebouw Megaron-Woningen Te 'S-Gravenhage;55;2585DK;235;Archipelbuurt;Centrum;52.089547225890506; 4.302582058332294;1
Vereniging Van Eigenaars Alphons Diepenbrock I;55;2551KG;40;Waldeck;Loosduinen;52.0593989868802; 4.230198932546181;1
Vereniging Van Eigenaars 'S-Gravenduyn Blok 3.1 Aan De Groningsestraat En Harstenhoekweg Te 'S-Gravenhage;55;2587RS;102;Belgisch Park;Scheveningen;52.113554821036175; 4.293456151060555;1
Vereniging van appartementseigenaars gebouw Leggelostraat 169 tot en met 297 (oneven nummers);54;2541HS;171;Morgenstond;Escamp;52.04175277574327; 4.27851790726706;3
"Vereniging van Ondereigenaars woningen en bedrijfsruimtes Kempstraat/Wolmaransstraat te 's-GravenhageM; zij is gevestigd te 's-Gravenhage";54;2572GA;27;Transvaalkwartier;Centrum;52.06645323461964; 4.295461545439971;3
Vereniging van Eigenaren Baambruggestraat 1 t/m 107;54;2546SE;1;Leyenburg;Escamp;52.05734595171123; 4.267988647224386;3
Vereniging van Eigenaars vereniging natal 21 tot en met 77, heilbronstraat 10 tot en met 66 te s gravenhage;54;2572AW;12;Transvaalkwartier;Centrum;52.06690470047687; 4.288864208548496;4
Vereniging van Eigenaars Jaarsveldstraat 1 tot en met 123 te 's-Gravenhage;54;2546CK;1;Leyenburg;Escamp;52.059200676549956; 4.272894037893777;3
Vereniging Van Eigenaars Woonappartementen Vissershavenweg En Reilerweg Te S Gravenhage;54;2583DB;51;Scheveningen;Scheveningen;52.102134033870634; 4.26923958598774;2
Vereniging Van Eigenaars Haghesteijn Te S Gravenhage;54;2518KA;801;Zeeheldenkwartier;Centrum;52.0813218099046; 4.289156000914032;4
"Vereniging Van Eigenaars ""Onder 'T Lommer"" Te Den Haag";54;2555XP;1;Waldeck;Loosduinen;52.064242230592725; 4.251866457141355;2
"""Vereniging Van Eigenaars Van Het Gebouw Schoutendreef 289 Tot En Met 397""";54;2542LJ;289;Bouwlust/Vrederust;Escamp;52.030636805392454; 4.259109902952003;3
"""Onder-Vereniging van eigenaars gebouw Waldo Twins aan de Waldorpstraat nummers 403 tot en met 463a (oneven nummers) te s-Gravenhage""";54;2521CJ;411;Laakkwartier en Spoorwijk;Laak;52.05971207858101; 4.3100067439819885;1
Vereniging van Eigenaars Sportlaan 42 tot en met 138;53;2566LB;42;Bomen- en Bloemenbuurt;Segbroek;52.08451772867639; 4.271066418216473;4
Vereniging van Eigenaars , Bontekoekade 52 tot en met 102, Van Leeuwenhoekstraat 122 tot en met 142 en Boerhaavestraat 100, 102, 130, 132 te s Gravenhage;53;2516LC;53;Laakkwartier en Spoorwijk;Laak;52.070009455198914; 4.328377928644828;3
Vereniging Van Eigenaars Van 'T Gebouw Hofzichtlaan Te 'S-Gravenhage;53;2591CW;5;Mariahoeve en Marlot;Haagse Hout;52.09495243100532; 4.363585053476306;2
Vereniging Van Eigenaars Palace-Appartementen I, Gevers Deynoot-Weg 676 T0t En Met 780 (Even Nummers);53;2586BV;676;Belgisch Park;Scheveningen;52.11368944018502; 4.282815122304701;1
Vereniging Van Eigenaars Hobbemastraat Winkelruimten En Woningenblok 2b;53;2525AN;97;Schildersbuurt;Centrum;52.06846590191456; 4.2995110795386955;2
Vereniging Van Eigenaars 'S-Gravenzandelaan 166 Tot En Met 196 (Even Nummers), Rozenburgstraat 204 Tot En Met 212 (Even Nummers) En Wateringsestraat 161 Tot En Met 165 (Oneven Nummers);53;2512SX;2;Schildersbuurt;Centrum;52.07077791998893; 4.297088780529972;4
VERENIGING VAN EIGENAARS Laan van Wateringse Veld 69, 73, 77, 79 t/m t 183 (oneven ), Bostonsingel 33, 34 en 35 en Atlantastraat 3 t/m 9 (oneven) te 's-Gravenhage;53;2548JL;5;Wateringse Veld;Escamp;52.03362638165861; 4.2836972981363965;3
vereniging van eigenaars t hoge veen woontoren A te leidschenveen  gemeente s gravenhage;52;2492JM;4;Leidschenveen;Leidschenveen-Ypenburg;52.06553178739713; 4.402259801145727;1
Vereniging van Eigenaars Catsheuvel woningen te s-Gravenhage;52;2517KA;79;Zorgvliet;Scheveningen;52.09118927831826; 4.280589953123327;2
"Vereniging Van Eigenaars Woningen/Parkeerplaatsen/Bergingen En Overige Ruimten ""Huberthof"" (Plesmanweg/Nieuwe Parkln)";52;2597JG;20;Westbroekpark en Duttendel;Scheveningen;52.10044039050655; 4.300975459113775;2
Vereniging Van Eigenaars Vliegerheem;52;2525EK;8;Schildersbuurt;Centrum;52.068534673370195; 4.295968038868359;2
Vereniging Van Eigenaars Tarwekamp 91 T/M 193 (Oneven Nrs) Te 'S-Gravenhage;52;2592XJ;91;Mariahoeve en Marlot;Haagse Hout;52.087941132424874; 4.353988198840887;2
"Vereniging Van Eigenaars Nieuwe Parklaan 2 T/M 42 B ""Residence Witte Brug"" Te 'S-Gravenhage";52;2597LC;2;Westbroekpark en Duttendel;Scheveningen;52.10048331663785; 4.29815306937349;2
Vereniging Van Eigenaars Laagveen/Randveen Te 'S-Gravenhage;52;2544RZ;50;Bouwlust/Vrederust;Escamp;52.0396991571079; 4.250247367556409;3
Vereniging Van Eigenaars Hoek Boomsluiterskade, Christoffel Plantijnstraat, Willem Silviusstraat Te 'S-Gravenhage, ,T Haegsch Hof I;52;2515TX;2;Stationsbuurt;Centrum;52.076190421489414; 4.324249337751924;4
Vereniging Van Eigenaars Gerstkamp 52 T/M 154 ( Even Nrs) Te 'S-Gravenhage;52;2592CT;52;Mariahoeve en Marlot;Haagse Hout;52.08736672367158; 4.353499597270934;2
Vereniging Van Eigenaars Gerstkamp 170 T/M 272 ( Even Nrs) Te 'S-Gravenhage;52;2592CW;170;Mariahoeve en Marlot;Haagse Hout;52.08737101505137; 4.354604245773478;2
Vereniging Van Eigenaars Centrumplan Ypenburg Blok E Laagbouw Te S Gravenhage;52;2497CZ;7;Ypenburg;Leidschenveen-Ypenburg;52.04031832409996; 4.368605822386433;2
Vereniging Van Eigenaars Centrumplan Ypenburg Blok D Laagbouw Te S Gravenhage;52;2497DT;11;Ypenburg;Leidschenveen-Ypenburg;52.039850671989726; 4.367865580300647;2
Vereniging van Eigenaars Gebouw Tre Volte aan de Dedemsvaartweg te 's-Gravenhage;51;2545AE;172;Morgenstond;Escamp;52.04931601576468; 4.265663448843134;1
Vereniging van Eigenaars Fijnjekade 174 tot en met 225 (even en onven nummers) te Den Haag;51;2521DT;174;Laakkwartier en Spoorwijk;Laak;52.068012799994634; 4.326864868297885;1
Vereniging Van Eigenaren Stokroosstraat 191 T/M 309 En 327 T/M 333 (Oneven Nrs.) Te 'S-Gravenhage;51;2565BN;193;Bomen- en Bloemenbuurt;Segbroek;52.07635941174739; 4.255098930525997;3
Vereniging Van Eigenaren Nibbrigkade 67 Te 'S-Gravenhage;51;2597XR;67;Benoordenhout;Haagse Hout;52.09455054066348; 4.330837904582424;1
Vereniging Van Eigenaars Jaarsveldstraat 2 T/M 102 (Even);51;2546CR;2;Leyenburg;Escamp;52.059223839092255; 4.273119080660129;2
Vereniging Van Eigenaars Bezuidenbosch-Bezuidenhoutseweg Te 'S-Gravenhage;51;2594AR;335;Bezuidenhout;Haagse Hout;52.08989503854241; 4.339599170794376;1
"""Vereniging van Eigenaars Christiaan de Wetstraat 80 tot en met 182 en Kockstraat 275 te 's-Gravenhage";51;2571TT;82;Transvaalkwartier;Centrum;52.06871004667949; 4.28605407336397;1
Vereniging van eigenaars Calla te 's-Gravenhage;50;2492JA;13;Leidschenveen;Leidschenveen-Ypenburg;52.064409419846925; 4.404086792518292;1
Vereniging van Eigenaars Buitenom Fase II te 's-Gravenhage;50;2512XD;170;Centrum;Centrum;52.07130705308559; 4.30123511876042;1
Vereniging Van Eigenaren Van Het Flatgebouw Ericalaan 105 T/M 207 (Oneven) Te 'S-Gravenhage;50;2555LG;107;Bohemen en Meer en Bos;Loosduinen;52.06491417327485; 4.2263113978467945;4
Vereniging Van Eigenaren Schokkerweg 22, 24 en 28 en Zeesluisweg 90 tot en met 190 (even nummers) en 190a te 's-Gravenhage;50;2583BH;28;Scheveningen;Scheveningen;52.100605750960575; 4.271218440608423;3
Vereniging Van Eigenaars Soestdijksekade 73 T/M 173 (Oneven Nummers) Den Helderstraat 2 Te 'S-Gravenhage;50;2574AC;73;Leyenburg;Escamp;52.065666543851506; 4.270459092696289;3
Vereniging Van Eigenaars Pieterstraat/Torenstraat I Te 'S-Gra- Venhage;50;2513BX;22;Centrum;Centrum;52.07944402305797; 4.303933918247897;3
Vereniging Van Eigenaars Edamstraat 3 Tot En Met 51 (Even En Oneven Nummers) En 55 Tot En Met 87 (Oneven Nummers) Te 'S-Gravenhage;50;2547VM;3;Leyenburg;Escamp;52.060720233856934; 4.264863457888887;2
Vve Complex 42 Woningen Stellenbosch Te 'S-Gravenhage;49;2572RR;2;Transvaalkwartier;Centrum;52.06334283570332; 4.299674335402844;4
"Vereniging van eigenaars Woontoren blok C, F3 en F4 gebouw """"t Hoge Veen"" te Leidschenveen (gemeente 's-Gravenhage)";49;2492JR;63;Leidschenveen;Leidschenveen-Ypenburg;52.06480957184554; 4.402326857694899;1
Vereniging van Eigenaars Koninginnestraat 4 tot en met 64, Hoefkade 430 tot en met 464 en Falckstraat 103 tot en met 137 te s Gravenhage;49;2515KK;6;Schildersbuurt;Centrum;52.06886155220194; 4.315624395355335;3
Vereniging van Eigenaars Isabellaland 950 tot en met 1066;49;2591SV;970;Mariahoeve en Marlot;Haagse Hout;52.09809434464664; 4.365773110168271;2
Vereniging van Eigenaars Isabellaland 1082 tot en met 1200;49;2591SX;1102;Mariahoeve en Marlot;Haagse Hout;52.09768265996981; 4.366260101441856;2
Vereniging Van Eigenaren Segbroeklaan 6t/M 102 (Even Nrs.),Ieplaan 114 En Hanenburglaan 3 T/M 15 (Oneven Nrs.) Te 'S-Gravenhage;49;2565DL;6;Bomen- en Bloemenbuurt;Segbroek;52.082580211554465; 4.272034250164034;2
Vereniging Van Eigenaren Segbroeklaan 204 T/M 302 (Even Nrs.) En Hanenburglaan 31 T/M 43 (Oneven Nr.) Te 'S-Gravenhage;49;2565DR;204;Bomen- en Bloemenbuurt;Segbroek;52.08177914475419; 4.269911084626815;4
Vereniging Van Eigenaren Parkzicht V Te 'S-Gravenhage;49;2543GA;2;Bouwlust/Vrederust;Escamp;52.035219567969065; 4.2567517851849725;3
Vereniging Van Eigenaren Parkzicht I Te 'S-Gravenhage;49;2543GN;218;Bouwlust/Vrederust;Escamp;52.03537384872656; 4.255900634262013;3
Vereniging Van Eigenaren Hart Nibbrigkade 71 Te 'S-Gravenhage;49;2597XS;71;Benoordenhout;Haagse Hout;52.094960552611205; 4.3305573968015025;1
Vereniging Van Eigenaren Flatgebouw Heliotrooplaan 248 T/M 350 (Even Numers) Te 'S-Gravenhage;49;2555ME;250;Bohemen en Meer en Bos;Loosduinen;52.064955756142425; 4.227853028285323;4
Vereniging Van Eigenaars Van Het Gebouw John Radeckerkade 5 Tot En Met 115 (Oneven Nummers) Te 'S-Gravenhage;49;2552WP;7;Loosduinen;Loosduinen;52.055946355062325; 4.247385973891558;2
Vereniging Van Eigenaars Residence Savoy Scheveningen Te Scheveningen;49;2586AC;48;Scheveningen;Scheveningen;52.10788250400651; 4.2736798817467045;1
Vereniging Van Eigenaars Norenburg 147/243 Te 'S-Gravenhage;49;2591AL;147;Mariahoeve en Marlot;Haagse Hout;52.0881453004126; 4.357062227658671;2
Vereniging Van Eigenaars Jacob Catsstraat 67 Tot En Met 151b(Oneven) En Wijnand Esserhof 1,2,3 En 4 Gevestigd Te 'S-Gravenhage;49;2526KJ;1;Schildersbuurt;Centrum;52.06949318491648; 4.310883866079836;2
Vereniging Van Eigenaars Isabellaland 818 T/M 934 Te 'S-Gravenhage;49;2591SR;838;Mariahoeve en Marlot;Haagse Hout;52.098508012317346; 4.365292165271474;2
Vereniging Van Eigenaars Centrumplan Ypenburg Blok G Te 'S-Gravenhage;49;2496SM;8;Ypenburg;Leidschenveen-Ypenburg;52.040923471925055; 4.36962794997866;2
"""Vereniging Van Eigenaars Centrumplan Ypenburg Blok I Laagbouw Te 'S-Gravenhage""";49;2496SR;16;Ypenburg;Leidschenveen-Ypenburg;52.04160791780707; 4.370770849478546;2
vereniging van eigenaars Norgstraat Wapserveenstraat te s gravenhage;48;2545TW;120;Morgenstond;Escamp;52.0458180918244; 4.271844590871215;3
vereniging van appartementseigenaars gebouw coevordenstraat 3 tot en met 113 (oneven) en enschedelaan 2 te 's-gravenhage;48;2541TH;3;Morgenstond;Escamp;52.04775486541976; 4.284271792015905;2
Vereniging van eigenaars gebouwen Waldo Park en Waldo Twins aan de Waldorpstraat nummers 403 tot en met 507-a (oneven nummers) te 's-Gravenhage;48;2521CJ;411;Laakkwartier en Spoorwijk;Laak;52.059678694305305; 4.309997893869495;1
Vereniging van eigenaars Hongarenburg 68 tot en met 162 (even nummers) te 's-Gravenhage;48;2591XD;68;Mariahoeve en Marlot;Haagse Hout;52.08968685974823; 4.359373913423647;2
"Vereniging van Eigenaren Leyweg ""Nieuwe Uitbreiding I"" te 's-Gravenhage";48;2545GD;525;Morgenstond;Escamp;52.050746127871385; 4.272504929772272;2
Vereniging van Eigenaars van de woningen Laan van Nieuw Oost Indie 29 tot en met 107 (oneven nummers) te 's-Gravenhage;48;2593BK;29;Bezuidenhout;Haagse Hout;52.08627821529333; 4.336339990765022;2
Vereniging van Eigenaars ondersplitsing gebouw Lisztstraat 3 tot en met 109 (oneven nummers) te 's-Gravenhage;48;2551TA;3;Waldeck;Loosduinen;52.05469764456538; 4.234917861998151;3
Vereniging van Eigenaars Wezelrade/Vossenrade te 's-Gravenhage;48;2544XK;4;Bouwlust/Vrederust;Escamp;52.04623926512288; 4.257486487170622;2
Vereniging van Eigenaars Westeroord/Messchaertstraat (Messchaertstraat 1 tot en met 107 en Julius Röntgenstraat 120 tot en met 166) te 's-Gravenhage;48;2551KL;1;Waldeck;Loosduinen;52.06126155189332; 4.2295394224771465;3
Vereniging van Eigenaars Segbroeklaan 304 tot en met 402 (even nummers) te 's-Gravenhage;48;2565DW;306;Bomen- en Bloemenbuurt;Segbroek;52.0814194672164; 4.2687134445330654;3
Vereniging van Eigenaars Schoeplaan 135 tot en met 241 (oneven nummers) te 's-Gravenhage;48;2516WJ;137;Laakkwartier en Spoorwijk;Laak;52.06348087988336; 4.334750001823852;1
Vereniging van Eigenaars Noordpolderkade 292 tot en met 398 (even nummers) te 's-Gravenhage;48;2516JP;294;Laakkwartier en Spoorwijk;Laak;52.06329423443678; 4.334233595152255;3
Vereniging van Eigenaars Landréstraat 427 tot en met 567 (oneven) te 's-Gravenhage;48;2551AP;435;Waldeck;Loosduinen;52.06088719152079; 4.227636652666966;4
Vereniging van Eigenaars Hendrinaland 6 tot en met 100 te 's-Gravenhage;48;2591TK;6;Mariahoeve en Marlot;Haagse Hout;52.09298479934302; 4.366264824530778;2
Vereniging van Eigenaars Haagsche Hof;48;2545CZ;245;Leyenburg;Escamp;52.05665108960063; 4.265081709395281;1
Vereniging van Eigenaars Beresteinlaan 561-599 te 's-Gravenhage;48;2542JP;561;Bouwlust/Vrederust;Escamp;52.038671143712044; 4.2586070252870885;1
"Vereniging van Eigenaars ""Kantoren en woningen Leyweg"" aan de Leyweg 807-813 te 's-Gravenhage""";48;2545HA;807;Morgenstond;Escamp;52.04496960625347; 4.280544072937712;1
Vereniging Van Eigenaren Willem Pijperstraat 78 T/M 116, 172 T/M178, 182 T/M 196, 200 T/M 214, 218 T/M 232, 236 T/M 250, 254 T/M268, 272 T/M 278 Even Nummers Te 'S-Gravenhage;48;2551CP;172;Waldeck;Loosduinen;52.058749508463144; 4.228802719407399;3
Vereniging Van Eigenaren Steenzicht 137 T/M 243;48;2543AD;137;Bouwlust/Vrederust;Escamp;52.04408384250548; 4.262785764682922;2
Vereniging Van Eigenaren Sportlaan 962 T/M 1080 (Even Nrs) Te S Gravenhage;48;2566NE;964;Bomen- en Bloemenbuurt;Segbroek;52.0788988550284; 4.257517803380279;3
Vereniging Van Eigenaren Sportlaan 606 T/M 724 Te 'S-Gravenhage;48;2566MJ;608;Bomen- en Bloemenbuurt;Segbroek;52.0807773908871; 4.262076318360468;6
Vereniging Van Eigenaren Sportlaan 1130 T/M 1244 (Even Nrs.) Te 'S-Gravenhage;48;2566NK;1132;Bomen- en Bloemenbuurt;Segbroek;52.07820449811712; 4.2558334994596425;4
Vereniging Van Eigenaren Landrestraat 1 T/M 141;48;2551AA;9;Waldeck;Loosduinen;52.061992065846326; 4.230315103412933;4
Vereniging Van Eigenaren Den Haag Midden-West Ii, Segbroeklaan 104 T/M 202 (Even) En Hanenburghlaan 17 T/M 29 (Oneven) Te S Gravenhage;48;2565DN;106;Bomen- en Bloemenbuurt;Segbroek;52.0821497596453; 4.270988352038522;3
Vereniging Van Eigenaars Woningen Vaillantlaan 520 Tot En Met 616 (Even Nummers) En 620, 624, 628 En 632 En Stallingsgarage Frans Halsstraat 78 Te Den Haag;48;2526AL;522;Schildersbuurt;Centrum;52.064498192273945; 4.309578065256936;3
Vereniging Van Eigenaars Vlamenburg 45 T/M 141 Te 'S-Gravenhage;48;2591AP;47;Mariahoeve en Marlot;Haagse Hout;52.090378470524755; 4.358779062060657;2
Vereniging Van Eigenaars Veenendaalkade 377 T/M 483 Te 'S-Gravenhage;48;2547AK;377;Leyenburg;Escamp;52.05892425633716; 4.267559655013579;3
Vereniging Van Eigenaars Van Hoornbeekstraat 10 Tot En Met 120 (Even Nummers);48;2582RD;10;Geuzen- en Statenkwartier;Scheveningen;52.095677879121766; 4.282410161678871;3
Vereniging Van Eigenaars Van Het Gebouw Gerrit Van Der Veenlaan 51 Tot En Met 145 (Oneven Nummers) Te 'S-Gravenhage;48;2552WE;53;Loosduinen;Loosduinen;52.055061556852834; 4.249371781758367;2
Vereniging Van Eigenaars Van De Woningen Complex Olympus Te 'S-Gravenhage, Gelegen Te 'S-Gravenhage Aan De Turfmarkt;48;2511DH;122;Centrum;Centrum;52.07893078534876; 4.319958788042977;1
Vereniging Van Eigenaars Torenflat Dignaland Te 'S-Gravenhage;48;2591CC;4;Mariahoeve en Marlot;Haagse Hout;52.093550327214224; 4.365360252204727;2
Vereniging Van Eigenaars Tinaarlostraat 24 Tot En Met 74, 78 En 82 Tot En Met 132 Te 'S-Gravenhage;48;2545RD;26;Morgenstond;Escamp;52.047035361445566; 4.276805479998656;1
Vereniging Van Eigenaars Segbroeklaan 508 Tot En Met 616y (Even Nummers) Te S Gravenhage;48;2565DH;508;Bomen- en Bloemenbuurt;Segbroek;52.078572845412225; 4.261290641024029;3
Vereniging Van Eigenaars Scheveningse Duyn;48;2586CJ;3;Scheveningen;Scheveningen;52.1112344833419; 4.278364041059353;2
Vereniging Van Eigenaars Parkflat Marlotlaan Te 'S-Gravenhage;48;2594BM;1;Mariahoeve en Marlot;Haagse Hout;52.10333965483314; 4.3560352858046985;1
Vereniging Van Eigenaars Parkflat Duttendel I Te 'S-Gravenhage;48;2597BC;792;Westbroekpark en Duttendel;Scheveningen;52.108338452787905; 4.308251808124937;3
Vereniging Van Eigenaars Leyweg 340/450 Te 'S-Gravenhage;48;2545EE;342;Leyenburg;Escamp;52.056760202041986; 4.26696341870143;2
Vereniging Van Eigenaars Landrestraat 143 T/M 283 Te 'S-Gravenhage;48;2551AE;151;Waldeck;Loosduinen;52.06165198459417; 4.229406968517547;4
Vereniging Van Eigenaars Hooftskadelaan 30 Tot En Met 134(Even) En Nicolaas Penninghof 40,41,42;48;2526KE;30;Schildersbuurt;Centrum;52.070269996733145; 4.308793710137319;3
Vereniging Van Eigenaars Hendrinaland 112 T/M 206 (Even Nr) (Fictief) Te 'S-Gravenhage;48;2591TM;112;Mariahoeve en Marlot;Haagse Hout;52.09351140044327; 4.367083005796717;2
Vereniging Van Eigenaars Denenburg 73 T/M 169 Te 'S-Gravenhage;48;2591AA;75;Mariahoeve en Marlot;Haagse Hout;52.09000933810061; 4.357814901875732;3
Vereniging Van Eigenaars De Dreef 1 Tot En Met 53 En Melis Stokelaan 2668 Tot En Met 2720;48;2542NA;1;Bouwlust/Vrederust;Escamp;52.034027828572185; 4.257667236563866;2
Vereniging Van Eigenaars Achtenveertig Woningen In Het Complex Agora Ii Hoefkade Den Haag;48;2525LD;651;Schildersbuurt;Centrum;52.063905108980585; 4.303572875378675;3
VERENIGING VAN EIGENAARS EEKHOORNRADE 2 TOT EN MET 108 TE 'S-GRAVENHAGE;48;2544VB;2;Bouwlust/Vrederust;Escamp;52.04529944176333; 4.260864363672369;2
VERENIGING VAN EIGENAARS COEVORDENSTRAAT 108-154,158-168,172-182,186-196 EN 200-218(EVEN NUMMERS) TE DEN HAAG;48;2541SN;108;Morgenstond;Escamp;52.04741225776118; 4.284214278661002;2
V.V.E. Kuinrestraat 3 Tot En Met 119 Te S Gravenhage;48;2541VT;3;Morgenstond;Escamp;52.05462895553855; 4.276469815367306;3
"""Vereniging van Eigenaars Isabellaland 261 tot en met 373 (oneven nummers) en Catharinaland 388 te 's-Gravenhage";48;2591SG;261;Mariahoeve en Marlot;Haagse Hout;52.09510371143238; 4.368279133820741;3
"""Vereniging Van Eigenaars Schependreef 21 Tot En Met 75 En Melis Stokelaan 2614 Tot En Met 2666""";48;2542NT;23;Bouwlust/Vrederust;Escamp;52.03414865380936; 4.259020750883318;3
vereniging van ondereigenaars woningen en commerciele ruimten podium IV melis stokelaan te s gravenhage;47;2541GB;1756;Bouwlust/Vrederust;Escamp;52.041003523151495; 4.270344319805249;2
vereniging van eigenaars complex de meerpaal aan de westduinweg/zeesluisweg te s gravenhage;47;2583DS;78;Scheveningen;Scheveningen;52.101254338097334; 4.271950111165177;3
"Vereniging van eigenaars van het gebouw ""Bella Mare"" aan de Zeekant hoek Zeeruststraat te 's-Gravenhage Scheveningen";47;2584BZ;50;Scheveningen;Scheveningen;52.1070379879742; 4.271413979582625;1
Vereniging van Eigenaars Kornoeljestraat 28/124 (even) te 's-Gravenhage;47;2564LR;28;Vruchtenbuurt;Segbroek;52.065289906243066; 4.259397567326171;3
Vereniging Van Eigenaren Landrestraat 285 T/M 425 Te 'S-Gravenhage;47;2551AK;293;Waldeck;Loosduinen;52.0612797509519; 4.228491411074653;4
Vereniging Van Eigenaren Huize Boschzicht Te 'S-Gravenhage;47;2596XL;2;Benoordenhout;Haagse Hout;52.08931382842971; 4.322311308910374;2
Vereniging Van Eigenaars Parkflat Duttendel Ii Te 'S-Gravenhage;47;2597BG;906;Westbroekpark en Duttendel;Scheveningen;52.10860495539721; 4.307548545139549;2
Vereniging Van Eigenaars Laan Van Meerdervoort 82 T/M 84 Te 'S-Gravenhage;47;2517AP;84;Zeeheldenkwartier;Centrum;52.08434068887585; 4.293699875551767;1
Vereniging Van Eigenaars Jan Van Der Heydenstraat 72-166 Te 'S-Gravenhage;47;2522ES;72;Laakkwartier en Spoorwijk;Laak;52.05986451494798; 4.330998674193596;3
Vereniging Van Eigenaars Hoefkade 14 Tot En Met 30 (Even) En Kraijenhoffstraat 10 Tot En Met 94 (Even) Te 'S-Gravenhage;47;2515RC;14;Stationsbuurt;Centrum;52.07103513407717; 4.320189712518407;4
vereniging van eigenaars woningen asmansweg te 's-gravenhage;46;2571AD;231;Regentessekwartier;Segbroek;52.07312484600451; 4.291268461155316;1
Vereniging van Eigenaars van het flatgebouw Louis Davidsstraat 529 tot en met 641 (oneven nummers) te 's-Gravenhage;46;2551EP;529;Waldeck;Loosduinen;52.05687150270002; 4.22953891354671;3
Vereniging van Eigenaars flatgebouw Louis Davidsstraat 5 tot en met 121 (oneven) te 's-Gravenhage;46;2551EA;5;Waldeck;Loosduinen;52.05713573659482; 4.2325917590941895;3
Vereniging van Eigenaars Woningen Mackaystraat te 's-Gravenhage;46;2571BK;20;Regentessekwartier;Segbroek;52.0748230865197; 4.290202466231981;1
Vereniging van Eigenaars Waldeck Pyrmontkade voormalige GG & GD locatie te 's-Gravenhage;46;2518JR;60;Zeeheldenkwartier;Centrum;52.07740837040031; 4.29403712450045;1
Vereniging van Eigenaars Heliotrooplaan 364/386 en Narcislaan 209/281 te 's-Gravenhage;46;2555LL;211;Bohemen en Meer en Bos;Loosduinen;52.065634367063176; 4.226663265086016;4
Vereniging van Eigenaars Duinflat II, Narcislaan 283-355 en Heliotrooplaan 390/416 te 's-Gravenhage;46;2555LP;285;Bohemen en Meer en Bos;Loosduinen;52.065389190012944; 4.225953945530165;5
Vereniging van Eigenaars Duinflat I Kijkduinsestraat 930/1002 en Heliotrooplaan 418/444 te 's-Gravenhage;46;2555MN;420;Bohemen en Meer en Bos;Loosduinen;52.06579600822081; 4.22528397064756;4
Vereniging Van Eigenaars Louis Davidsstraat 401 T/M 521(Oneven) Te 'S-Gravenhage;46;2551EL;407;Waldeck;Loosduinen;52.05696785080833; 4.230438815926154;3
Vereniging Van Eigenaars Hobbeven Aan De De Heemstraat En De Van Der Vennestraat Te 'S-Gravenhage;46;2525EM;120;Schildersbuurt;Centrum;52.06661507430674; 4.298327228116475;2
Vereniging Van Eigenaars Gerard Doustraat En Omgeving;46;2526NA;35;Schildersbuurt;Centrum;52.07023413802884; 4.301756981340233;2
Vereniging Van Eigenaars Flatgebouw Louis Davidstraat 137 T/M 257(Oneven)Te 'S-Gravenhage;46;2551ED;143;Waldeck;Loosduinen;52.05708704001365; 4.231972573057446;3
Vereniging Van Eigenaars Flatgebouw Louis Davidsstraat 263 T/M 383(Oneven)Te 'S-Gravenhage;46;2551EH;267;Waldeck;Loosduinen;52.05701023744572; 4.231048960662722;3
Vereniging Van Eigenaars De Drentse Hoek Gelegen Aan De Norgstraat,Dieverstraat En Oosterhesselenstraat Te 'S-Gravenhage;46;2545TV;8;Morgenstond;Escamp;52.046953400361126; 4.270333928215668;3
Vereniging Van Eigenaars Centrumplan Ypenburg Blok H Laagbouw Te 'S-Gravenhage;46;2496SN;10;Ypenburg;Leidschenveen-Ypenburg;52.041268119347066; 4.370124534303403;2
Vereniging Van Eigenaars Centrumplan Ypenburg Blok F Te 'S-Gravenhage;46;2496SL;9;Ypenburg;Leidschenveen-Ypenburg;52.040798540166264; 4.3695200385931265;3
Vereniging Van Eigenaars Centrumplan Ypenburg Blok F Laagbouw Te'S-Gravenhage;46;2496SL;9;Ypenburg;Leidschenveen-Ypenburg;52.040798540166264; 4.3695200385931265;3
De Vereniging Van Eigenaars Hoek Boomsluiterskade, Christoffel Plantijnstraat, Willem Silviusstraat Te 'S-Gravenhage, 'T Haegschhof Iii;46;2515XS;2;Stationsbuurt;Centrum;52.07679062259091; 4.3243417436702325;3
"""Vereniging van eigenaars Waldorpstraat 412 tot en met 506 te 2521 CH 's-Gravenhage";46;2521CH;414;Laakkwartier en Spoorwijk;Laak;52.0621482597613; 4.312185651510413;1
Vereniging van Eigenaars Juliana van Stolberglaan 30, 34 tot en met 86 en 90 tot en met 102 (allen even nummers) en Adelheidstraat 122 tot en met 140 (even nummers) te 's-Gravenhage;45;2595CL;30;Bezuidenhout;Haagse Hout;52.082372367254756; 4.332537729151979;2
Vereniging van Eigenaars Jan Romeinstraat 60 tot en met 164 te 's-Gravenhage;45;2552KE;60;Loosduinen;Loosduinen;52.054031613412704; 4.253574746803625;2
Vereniging van Eigenaars Hellingweg 149-171 te ‘s-Gravenhage;45;2583DZ;149;Scheveningen;Scheveningen;52.09672205913896; 4.263201665483924;1
Vereniging Ven Eigenaars Loosduinseweg 1 En Noord West Buiten- Singel3 Tot En Met 7h Te 'S Gravenhage;45;2518PA;3;Regentessekwartier;Segbroek;52.07408088039429; 4.295939840551704;1
Vereniging Van Eigenaars Woningen Laan Van Wateringseveld/Hoek Havanasingel Espectro Te 'S-Gravenhage;45;2548GP;6;Wateringse Veld;Escamp;52.03433273170036; 4.284746005518334;2
Vereniging Van Eigenaars Van Het Flatgebouw Louis Davidsstraat 665 T/M 777(Oneven Nrs)Te 'S-Gravenhage;45;2551ET;665;Waldeck;Loosduinen;52.05677243857048; 4.228950317761597;3
Vereniging Van Eigenaars Oranjeflats 96, 97,98 En 99 Te 'S-Gravenhage;45;2586JD;96;Belgisch Park;Scheveningen;52.11579479230552; 4.28555491838504;2
"Vereniging Van Eigenaars Flatgebouwen ""Franckenheuvel"" En ""Beau-Lieu"" Te 'S-Gravenhage";45;2582HA;1;Geuzen- en Statenkwartier;Scheveningen;52.099156136664796; 4.280901072928072;3
Vereniging Van Eigenaars Flat Zorgvliet Alexander Gogelweg 1 T/M 77 te 'S-Gravenhage;45;2517JD;1;Zorgvliet;Scheveningen;52.08640843814637; 4.284078552535874;3
"""Vereniging Van Eigenaars Ferrandweg En Laakkade Te 'S-Gravenhage""";45;2523XT;2;Laakkwartier en Spoorwijk;Laak;52.05698161374698; 4.312913672385414;2
vereniging van eigenaars wellingtonstraat 63 tot en met 163 (oneven) te 's-Gravenhage;44;2515HN;63;Schildersbuurt;Centrum;52.07001230399513; 4.311749185093692;3
vereniging van eigenaars jacob catsstraat 80 tot en met 128 (even) en waterloostraat 52 tot en met 102 (even) te 's-Gravenhage;44;2515HW;52;Schildersbuurt;Centrum;52.070312259452294; 4.311583906932283;3
vereniging van eigenaars duinstrip complex 9 te s gravenhage;44;2583VK;4;Duindorp;Scheveningen;52.092630281227684; 4.258637077256508;4
Vve Doedijnstr.35 t/m69(Oneven) Hoefkade 770,772,772a,774t/m786, 788t/m796(Even) J.Pienemanstr.91,93 J.Steenstr.4t/m38(Even) S Gravenhage;44;2526EK;6;Schildersbuurt;Centrum;52.06699877706565; 4.311140165061425;5
Vereniging van Ondereigenaars woningen Buitenom 120 tot en met 167 te 's-Gravenhage;44;2512XD;121;Centrum;Centrum;52.07170813179206; 4.302245924023076;1
Vereniging van Eigenaars Hellingweg 137-143 en 149-171 te ‘s-Gravenhage;44;2583DZ;149;Scheveningen;Scheveningen;52.09666389812641; 4.263192794729849;1
"Vereniging Van Eigenaars Woningen ""Queens House"" Aan De Bezuidenhoutseweg 72 Tot En Met 80 Te 'S-Gravenhage";44;2594AW;72;Haagse Bos;Haagse Hout;52.08619099636377; 4.3311484828211615;2
Vereniging Van Eigenaars Riouwstraat-Noord Te 'S-Gravenhage;44;2585HE;82;Archipelbuurt;Centrum;52.09251073870807; 4.300688308149482;3
Vereniging Van Eigenaars Margarethaland Vte 'S-Gravenhage;44;2591VD;437;Mariahoeve en Marlot;Haagse Hout;52.09307195444349; 4.370767838375227;1
Vereniging Van Eigenaars Gebouw De Boog Woningen;44;2547CZ;1172;Loosduinen;Loosduinen;52.06199915853554; 4.260215092884799;1
Vereniging Van Eigenaars Flatgebouw Iepstaete Te 'S-Gravenhage;44;2565LK;157;Bomen- en Bloemenbuurt;Segbroek;52.08264350139634; 4.272647016367802;2
Vereniging Van Eigenaars Centrumplan Ypenburg Blok G Laagbouw Te'S-Gravenhage;44;2496SM;8;Ypenburg;Leidschenveen-Ypenburg;52.040923471925055; 4.36962794997866;2
Vereniging Van Eigenaars Albert Termotestraat 10 T/M 64/ Mari Andriessenstraat 15 T/M 69 Te 'S-Gravenhage;44;2552TZ;12;Loosduinen;Loosduinen;52.05487990908973; 4.247364560924541;2
Vereniging van eigenaars Nieuw Kijkduin woningen Tramontana, Deltapromenade 322 tot en met 365 te ‘s-Gravenhage;43;2554GX;322;Kijkduin en Ockenburgh;Loosduinen;52.06884352012174; 4.220737994552892;1
Vereniging van eigenaars Nieuw Kijkduin woningen Gregale, Deltapromenade 250 tot en met 292 te 's-Gravenhage;43;2554GX;250;Kijkduin en Ockenburgh;Loosduinen;52.068526090540615; 4.2210905919532085;1
Vereniging van Eigenaars van de Laan van Meerdervoort 1096 tot en met 1126 (even), Thorbeckelaan 703 tot en met 751 (oneven) en Kersenstraat 2 tot en met 16 (even);43;2564CJ;703;Vruchtenbuurt;Segbroek;52.06708228426952; 4.247688136026762;2
Vereniging van Eigenaars Scheveningseweg 54 tot en met 54e-2 (Gebouw A) te 2517 KW 's-Gravenhage;43;2517KW;54;Geuzen- en Statenkwartier;Scheveningen;52.096846550243434; 4.284401711475315;1
Vereniging van Eigenaars Pretoriusstraat 50 tot en met 148 (even nummers) te 's-Gravenhage;43;2571VG;52;Transvaalkwartier;Centrum;52.0704244836782; 4.290003061092167;3
Vereniging van Eigenaars Laan van Meerdervoort 1128-1156, Groen van Prinstererlaan 1-51 en Troubadourstraat 4-16 te 's-Gravenhage;43;2555HJ;1;Waldeck;Loosduinen;52.066197080963136; 4.2439057169305405;3
Vereniging van Eigenaars Koningin Marialaan 23e tot en met 25x (oneven nummers, exclusief huisnummertoevoeging i en o) te 2595 GA 's-Gravenhage;43;2595GA;23;Bezuidenhout;Haagse Hout;52.08308999166637; 4.334738734313721;1
Vereniging van Eigenaars Appartementencomplex Calandkade 161 en 162 te 's-Gravenhage;43;2521AA;161;Laakkwartier en Spoorwijk;Laak;52.05953771056632; 4.311314364693932;1
Vereniging Van Eigenaren Oranjeflats, Zeekant 92-95 Scheveningen;43;2586JB;92;Belgisch Park;Scheveningen;52.11537264699409; 4.284890465908193;2
Vereniging Van Eigenaars Zeehaghe Deltaplein Te Den Haag Gevestigd Te 'S-Gravenhage;43;2554GK;660;Kijkduin en Ockenburgh;Loosduinen;52.06745034352668; 4.219017012316755;1
Vereniging Van Eigenaars Westeinde 527/623 Te 'S-Gravenhage;43;2512KJ;527;Centrum;Centrum;52.07496943412113; 4.299104998331657;2
Vereniging Van Eigenaars Weidevogellaan 150 Tot En Met 236 (Even Nummers) Te Den Haag;43;2496MZ;150;Ypenburg;Leidschenveen-Ypenburg;52.046373560578054; 4.37417948670522;1
Vereniging Van Eigenaars Hofappartementen Prinsegracht Te 'S-Gravenhage;43;2512EE;179;Centrum;Centrum;52.0730984225011; 4.301687852441401;1
Vereniging Van Eigenaars Fahrenheitstraat, Hoek Hanenburglaan 'S-Gravenhage;43;2565NA;6;Bomen- en Bloemenbuurt;Segbroek;52.080234922785436; 4.268064678143768;2
Vereniging Van Eigenaars Complex Adagio/Andante Aan Het Muzenplein Te 'S-Gravenhage;43;2511VW;10;Centrum;Centrum;52.080125426575; 4.319772779198096;2
Vereniging Van Eigenaars 43 Woningen Vaillantlaan En Gerard Doustraat Te 'S-Gravenhage;43;2526HL;4;Schildersbuurt;Centrum;52.07018386015644; 4.301264977239678;3
vereniging van eigenaars jacob catsstraat 132 tot en met 190 (even) en westenbergstraat 37 tot en met 75 (oneven) te 's-gravenhage;42;2515HH;37;Schildersbuurt;Centrum;52.06900030809324; 4.312496952370469;3
"Waldo Park aan de Waldorpstraat nummers 467 tot en met 507a (oneven nummers) te s-Gravenhage""";42;2521CJ;467;Laakkwartier en Spoorwijk;Laak;52.05958321684024; 4.309959681757412;1
Vereniging van eigenaars gebouw Waldo Neighbour te s Gravenhage;42;2521CJ;299;Laakkwartier en Spoorwijk;Laak;52.061522247144794; 4.311117514368725;1
Vereniging van Eigenaars van het gebouw van kantoren, parkeerplaatsen en woningen met bergingen aan de Houtweg en de Laan van Roos en Doorn te 's-Gravenhage;42;2514BC;1;Willemspark;Centrum;52.08526554113285; 4.31434781638566;2
Vereniging van Eigenaars Vondelstraat 96/182 te 's-Gravenhage;42;2513EX;98;Zeeheldenkwartier;Centrum;52.080256291421435; 4.299806166172563;2
Vereniging van Eigenaars Veenendaalkade 111 tot en met 197 (oneven nummers) te 's-Gravenhage;42;2547AC;113;Leyenburg;Escamp;52.061047159672434; 4.2712963259795;3
Vereniging van Eigenaars Van Stolkweg 14, 14a tot en met 14d, 14a1 tot en met 14a9, 14b1 tot en met 14b8, 14c1 tot en met 14c8, 14d, 14d1 en 14d2 te 's-Gravenhage;42;2585JR;14;Van Stolkpark en Scheveningse Bosjes;Scheveningen;52.101055663915155; 4.283533052638623;1
Vereniging van Eigenaars Suzannaland 498 tot en met 616;42;2591JW;530;Mariahoeve en Marlot;Haagse Hout;52.10015663229663; 4.362613258105788;3
Vereniging van Eigenaars Suzannaland 374 tot en met 492;42;2591JS;406;Mariahoeve en Marlot;Haagse Hout;52.09984300597699; 4.362012207912243;3
Vereniging van Eigenaars Suzannaland 250 tot en met 368;42;2591JN;282;Mariahoeve en Marlot;Haagse Hout;52.09953357911482; 4.36140552347358;3
Vereniging van Eigenaars Suzannaland 2 tot en met 120;42;2591JG;34;Mariahoeve en Marlot;Haagse Hout;52.09890187738225; 4.36020835433683;3
Vereniging van Eigenaars Suzannaland 126 tot en met 244;42;2591JK;158;Mariahoeve en Marlot;Haagse Hout;52.09922200008159; 4.360800823363105;3
Vereniging van Eigenaars Nieuw Ambachtsgaarde te Den Haag;42;2542EZ;278;Bouwlust/Vrederust;Escamp;52.034866837569986; 4.264971147873342;1
Vereniging van Eigenaars Kurhausappartementen Noordzijde te Scheveningen, gelegen aan de Gevers Deynootweg en het Gevers Deynootplein te 's-Gravenhage;42;2586CN;63;Scheveningen;Scheveningen;52.113284501266925; 4.283055314873257;3
Vereniging van Eigenaars Joan Blasiusstraat 5 tot en met 101 (oneven nummers) te 's-Gravenhage;42;2533KK;5;Moerwijk;Escamp;52.05119715899841; 4.296163678971739;2
Vereniging van Eigenaars Jan Vosstraat 6 tot en met 102 (even nummers) te 's-Gravenhage;42;2533TX;8;Moerwijk;Escamp;52.05095235033893; 4.2956864889104915;2
Vereniging van Eigenaars Jan Muschlaan 190 tot en met 300 te 's-Gravenhage;42;2597VD;194;Benoordenhout;Haagse Hout;52.10566481222308; 4.328626820767444;3
Vereniging van Eigenaars Hellasduin te 's-Gravenhage;42;2566DA;359;Vogelwijk;Segbroek;52.07621796611336; 4.242860965581286;1
Vereniging van Eigenaars Gebouw Hengelolaan 1174 tot en met 1266 (even nummers) te 's-Gravenhage;42;2544GV;1174;Bouwlust/Vrederust;Escamp;52.04027405951763; 4.255455199738158;2
Vereniging van Eigenaars Bergermeerstraat 55 tot en met 137 (oneven nummers) te s-Gravenhage;42;2493XG;55;Leidschenveen;Leidschenveen-Ypenburg;52.05850088884641; 4.406038865485554;1
Vereniging van Eigenaars Anslostraat 114 tot en met 210 (even nummers) te s Gravenhage;42;2533KH;114;Moerwijk;Escamp;52.05074997970721; 4.295085639588188;2
Vereniging van Eigenaars Anslostraat 113 tot en mer 207 (oneven nummers) te 's-Gravenhage;42;2533KC;113;Moerwijk;Escamp;52.05063656909731; 4.294851181750392;2
Vereniging van Eigenaars Aagje Dekenlaan 156 tot en met 252 (even nummers) te 's-Gravenhage;42;2533SM;158;Moerwijk;Escamp;52.05037831730995; 4.294392455223124;2
"Vereniging van Eigenaars ""Zwedenburg 210 tot en met 308 (even nummers) te 's-Gravenhage""";42;2591BL;210;Mariahoeve en Marlot;Haagse Hout;52.093098135214845; 4.36248115731258;2
"Vereniging van Eigenaars ""Westeroord V"", Cornelie van Zantenstraat 2 tot en met 116";42;2551PJ;6;Waldeck;Loosduinen;52.057369201607656; 4.233236294172421;4
Vereniging Van Eigenaren Meppelweg 715 T/M 799 Te 'S-Gravenhage;42;2544AT;717;Morgenstond;Escamp;52.051179845092; 4.264239557607662;2
Vereniging Van Eigenaren Hertenrade 360 T/M 466 (Even Nrs.) Te 'S-Gravenhage;42;2544HR;364;Bouwlust/Vrederust;Escamp;52.04602436649331; 4.2627429497811775;2
Vereniging Van Eigenaren Flats Beethovenplantsoen, Cornelie Van Zantenstraat 118-230te 'S-Gravenhage;42;2551PM;118;Waldeck;Loosduinen;52.05744442669649; 4.234055624263455;4
Vereniging Van Eigenaars Zwedenburg 314 T/M 400 ( Even) Te 'S-Gravenhage;42;2591BN;314;Mariahoeve en Marlot;Haagse Hout;52.0933872179501; 4.363110818635602;2
Vereniging Van Eigenaars Zwedenburg 2 T/M 100 ( Even) Te 'S-Gravenhage;42;2591BG;2;Mariahoeve en Marlot;Haagse Hout;52.092538066778346; 4.361229542825699;2
Vereniging Van Eigenaars Zwedenburg 106 T/M 204 (Even) Te 'S-Gravenhage;42;2591BJ;106;Mariahoeve en Marlot;Haagse Hout;52.09282026466279; 4.36184917471308;2
Vereniging Van Eigenaars Zwedenburg 1 T/M 87 (Oneven) Te 'S-Gravenhage;42;2591BA;5;Mariahoeve en Marlot;Haagse Hout;52.092253690738914; 4.36062543731531;2
Vereniging Van Eigenaars Vlaskamp 534 Tot En Met 664 ( Even Nummers) Te S Gravenhage;42;2592AR;576;Mariahoeve en Marlot;Haagse Hout;52.0924637230892; 4.35094566277337;3
Vereniging Van Eigenaars Vlaskamp 402 Tot En Met 532 ( Even Nummers) Te S Gravenhage;42;2592AM;444;Mariahoeve en Marlot;Haagse Hout;52.09221276152428; 4.350272406648052;3
Vereniging Van Eigenaars Vlaskamp 272 T/M 400 Te S Gravenhagee;42;2592AJ;312;Mariahoeve en Marlot;Haagse Hout;52.091959370717724; 4.349601374138066;3
Vereniging Van Eigenaars Vlaskamp 140 Tot En Met 270 ( Even Nummers)Te S Gravenhage;42;2592AE;182;Mariahoeve en Marlot;Haagse Hout;52.091703612319066; 4.348931396453992;3
Vereniging Van Eigenaars Palacegebouw Te Scheveningen Gelegen Aan De Gevers Deynootweg Tussen De Palacestraat En De Zeekant Te 'S-Gravenhage;42;2586BV;672;Belgisch Park;Scheveningen;52.113675571299545; 4.2828794868889375;2
Vereniging Van Eigenaars Meppelweg 543 Tot En Met 627 Te S Gravenhage;42;2544AN;545;Morgenstond;Escamp;52.05182115051864; 4.265798726997505;2
Vereniging Van Eigenaars Meppelweg 457 Tot En Met 541 Te S Gravenhage;42;2544AL;459;Morgenstond;Escamp;52.05213815419526; 4.266585797185921;2
Vereniging Van Eigenaars Laan Van Nieuw Oost-Indie 72 Tot En Met108c (Even Nummers);42;2593BW;72;Bezuidenhout;Haagse Hout;52.086176464322406; 4.3374444031621096;3
Vereniging Van Eigenaars Kornalijnhorst 164/252 Te 'S-Gravenhage;42;2592JA;166;Mariahoeve en Marlot;Haagse Hout;52.095381046457206; 4.361066115266792;2
Vereniging Van Eigenaars Jacob Catsstraat 23 Tot En Met 63 (Oneven) En Nicolaas Penninghof 1 Tot En Met 24;42;2526KH;1;Schildersbuurt;Centrum;52.069959197254654; 4.310393028959197;3
Vereniging Van Eigenaars 'S-Gravenzandelaan 22 Tot En Met 120 (Even Nummers) Te 'S-Gravenhage;42;2512JM;28;Schildersbuurt;Centrum;52.07184314524039; 4.298875197804467;3
"Vereniging Van Eigenaars ""Appartementengebouw Groot Hertoginnelaan/Hoek Sweelinckstraat ""Residence Eline Vere""""";42;2517EG;8;Duinoord;Scheveningen;52.08471330839678; 4.29077272535434;1
VVE gebouw Damasstraat 261 tot en met 345 te 's-Gravenhage;42;2522TR;261;Laakkwartier en Spoorwijk;Laak;52.05674595277015; 4.324596336802066;3
V.V.E. 42 Woningen Vriezenveenstraat Te 'S-Gravenhage;42;2541CA;62;Morgenstond;Escamp;52.04659944351156; 4.28601702452941;1
Meppelweg 801 te 's-Gravenhage;42;2544AW;803;Morgenstond;Escamp;52.050859414646375; 4.263458657170453;2
""" Vereniging Van Eigenaars Laan Van Nieuw Oost-Indie 72 Tot En Met 108 Woningen (Even Nummers) """;42;2593BW;72;Bezuidenhout;Haagse Hout;52.086176464322406; 4.3374444031621096;3
vereniging van eigenaars hoefkade 119 tot en met 137 (oneven), koningstraat 401 tot en met 441 (oneven) en westenbergstraat 6 tot en met 18 (even) te 's-gravenhage;41;2515HJ;6;Schildersbuurt;Centrum;52.0691496608403; 4.313755514220338;3
Vereniging van eigenaars groen van Prinsterer (ondersplitsing A-2 (Blok 1)) te 's-Gravenhage;41;2555HZ;274;Waldeck;Loosduinen;52.06455032747927; 4.245156823931199;1
Vereniging van eigenaars gebouw Waldo First te s-Gravenhage;41;2521CJ;281;Laakkwartier en Spoorwijk;Laak;52.06189849447188; 4.311364096849306;1
Vereniging van Eigenaars VITA Meppelweg 644 tot en met 712 (even nummers), Nijeveenstraat 5 tot en met 13 (oneven nummers) en Schoonebeekstraat 8 te 's-Gravenhage;41;2545XV;5;Morgenstond;Escamp;52.05123360205268; 4.266493449414122;3
Vereniging van Eigenaars Nijeveenstraat/Schoonebeekstraat te 's-Gravenhage;41;2545XZ;9;Morgenstond;Escamp;52.05087214748068; 4.26564309606185;5
Vereniging Van Eigenaars Woningen Jan Van Goijenstraat/Tenierstraat Te S Gravenhage;41;2526PB;52;Schildersbuurt;Centrum;52.06795181504766; 4.3037863843100315;2
Vereniging Van Eigenaars Woningen In Het Appartementen Gebouw Omnia , Ammunitiehaven 25 T/M 109 (Oneven Nrs);41;2511XH;27;Centrum;Centrum;52.07641985234314; 4.319636606172594;1
Vereniging Van Eigenaars Van Diemenstraat 42 Tot En Met 124 (Even Nummers) Te 'S-Gravenhage;41;2518VD;42;Zeeheldenkwartier;Centrum;52.080129442546124; 4.2924839233054515;2
Vereniging Van Eigenaars S Gravenzandelaan 198 Tot En Met 230a (Even Nummers),Rozenburgstraat 197 Tot En Met 209 (Oneven Nummers En Wateringsestraat 167 Tot En Met 211(Oneven Nummers) Te S Gravenhage;41;2512PK;163;Schildersbuurt;Centrum;52.07046733476761; 4.29624043840925;4
Vereniging Van Eigenaars Dedemsvaartweg Te 'S-Gravenhage.;41;2545AP;123;Bouwlust/Vrederust;Escamp;52.0496150850303; 4.264376912493741;3
vereniging van eigenaars veertig appartementen laan van leidschenveen;40;2493CW;217;Leidschenveen;Leidschenveen-Ypenburg;52.06385636663549; 4.398432246541596;1
vereniging van eigenaars hoofdgebouw poort van lanen;40;2493CW;217;Leidschenveen;Leidschenveen-Ypenburg;52.06385636663549; 4.398432246541596;1
Vve Won. Vd Neestr.176t/M220 (Even) Brueghelstr.147t/M179 (Oneven) Stallingsgarage Vd Neerstr.174 Den Haag;40;2525RC;147;Schildersbuurt;Centrum;52.06775162214886; 4.302040706997867;4
Vve Pinksterbloemplein 73/80 en Laan Van Meerdervoort 1167/1229 Te 'S-Gravenhage;40;2555ES;73;Bohemen en Meer en Bos;Loosduinen;52.066615124675806; 4.2406067940252665;3
Vve Beresteinlaan 469 T/M 557 (Oneven);40;2542JM;469;Bouwlust/Vrederust;Escamp;52.039675360306504; 4.257128071106639;2
Vereniging van eigenaars groen van Prinsterer (ondersplitsing A-3 (Blok 2)) te 's-Gravenhage;40;2555LZ;358;Waldeck;Loosduinen;52.06402459482197; 4.245593324867575;1
Vereniging van Ondereigenaars Gebouw Steenhouwersgaarde 71 tot en met 159 (oneven nummers);40;2542AC;71;Bouwlust/Vrederust;Escamp;52.03924155129759; 4.2755119501982985;2
"Vereniging van Ondereigenaars Gebouw Barbiersgaarde 2 tot en met 92 (even nummers) te 's-Gravenhage""";40;2542TM;4;Bouwlust/Vrederust;Escamp;52.03896625134158; 4.275083681140124;2
Vereniging van Eigenaars Veenendaalkade 472 tot en met 478, 482 tot en met 496, 500 tot en met 514, 518 tot en met 532, 536 t/m 550, 554 t/m 560 (even nummers), Rijsenburgstraat 3 te 's-Gravenhage;40;2547BC;472;Leyenburg;Escamp;52.058392457395676; 4.268313281152827;2
Vereniging van Eigenaars Torenstraat 50 tot en met 126 te 's-Gravenhage;40;2513BT;52;Centrum;Centrum;52.077341781320484; 4.3060134006227155;2
Vereniging van Eigenaars Laan van Clingendael 11 tot en met 99 (oneven mummers), Breitnerlaan 351 tot en met 379 (oneven nummers) te 's-Gravenhage;40;2597CA;11;Benoordenhout;Haagse Hout;52.09530889655914; 4.334816605021401;2
"Vereniging van Eigenaars ""Mozartlaan 3 tot en met 83/Rigolettostraat 190 tot en met 208 te 's-Gravenhage""";40;2555JA;3;Waldeck;Loosduinen;52.06396480906779; 4.244405696419238;4
Vereniging Van Eigenaren West End Iv Rigolettostraat 105 T/M 235 (Oneven Nrs.) Te 'S-Gravenhage;40;2555VP;141;Waldeck;Loosduinen;52.06456256704029; 4.243445299049003;2
Vereniging Van Eigenaren Sportlaan 814 T/M 912 (Even) Te 'S-Gravenhage;40;2566NA;816;Bomen- en Bloemenbuurt;Segbroek;52.0795193191114; 4.259023891151002;3
Vereniging Van Eigenaren Mozartlaan 317-401 Te 'S-Gravenhage;40;2555KC;317;Waldeck;Loosduinen;52.060507215620014; 4.230249365114464;2
Vereniging Van Eigenaren Laan Van Meerdervoort 1231 T/M 1309 Te 'S-Gravenhage;40;2555BE;1231;Bohemen en Meer en Bos;Loosduinen;52.06561661999728; 4.2397771248082075;2
Vereniging Van Eigenaren Laan Van Clingendael 10 T/M 98 ( Even Nummers), Breitnerlaan 319 T/M 347 ( Oneven Nummers) Te 'S-Gravenhage;40;2597CD;10;Benoordenhout;Haagse Hout;52.0950221896975; 4.33411977761199;2
Vereniging Van Eigenaren Groen Van Prinstererlaan 53-147 Te 'S-Gravenhage;40;2555HK;53;Waldeck;Loosduinen;52.06561827160455; 4.244129838242163;3
Vereniging Van Eigenaren Beresteinlaan 10 T/M 38c (Even Nrs.);40;2542KA;10;Bouwlust/Vrederust;Escamp;52.039918745017815; 4.257577070420573;2
Vereniging Van Eigenaars Westeinde 431/521 Te 'S-Gravenhage;40;2512KE;431;Centrum;Centrum;52.075240065604355; 4.299789255372082;3
Vereniging Van Eigenaars Vrederustlaan 4 Tot En Met 92 (Even Nummers);40;2543SR;4;Bouwlust/Vrederust;Escamp;52.04333291223541; 4.262119183552019;2
Vereniging Van Eigenaars Veenendaalkade 7 T/M 95 Te 'S-Gravenhage;40;2547AA;7;Leyenburg;Escamp;52.06168326281913; 4.272415726243751;2
Vereniging Van Eigenaars Van Het Flatgebouw Smaragdhorst 425 T/M 527, Marlot Ii Te 'S-Gravenhage;40;2592RN;425;Mariahoeve en Marlot;Haagse Hout;52.097361723480304; 4.359664339653301;2
Vereniging Van Eigenaars Rozenburgstraat 13 Tot En Met 107 (Oneven Nummers) Te 'S-Gravenhage;40;2512SM;13;Schildersbuurt;Centrum;52.07238566005398; 4.2930803663082;3
Vereniging Van Eigenaars Meppelweg 629 Tot En Met 713 Te S Gravenhage;40;2544AR;631;Morgenstond;Escamp;52.05150291308775; 4.265015751999478;2
Vereniging Van Eigenaars Maarsbergenstraat 79/157 (Oneven);40;2546SN;79;Leyenburg;Escamp;52.05894849287413; 4.272036079181916;2
Vereniging Van Eigenaars Laan Van Poot, Sniplaan En Fazantplein Te 'S-Gravenhage;40;2566EN;2;Vogelwijk;Segbroek;52.082074881527404; 4.2545614864405055;3
Vereniging Van Eigenaars Hobbemaplein 30 En Herman Costerstraat 10 T/M 54 Te 'S-Gravenhage;40;2571PA;11;Transvaalkwartier;Centrum;52.06716366227769; 4.296361110940598;2
Vereniging Van Eigenaars Gebouw Agora I Hoefkade Den Haag;40;2525LA;521;Schildersbuurt;Centrum;52.06482800510541; 4.305586976371407;3
Vereniging Van Eigenaars Complex Tivoli Aan De Muzenstraat Te 'S-Gravenhage;40;2511WB;34;Centrum;Centrum;52.08017431400155; 4.319932297632621;1
"Vereniging Van Eigenaars Appartementengebouw ""Adagia""";40;2545DZ;1309;Bouwlust/Vrederust;Escamp;52.04034291645528; 4.279277326725317;1
Vereniging Van Eigenaars 'T Palet Gelegen 'S-Gravenhage Aan De Vaillantlaan, Jan Van Goijenstraat En Tenierstraat;40;2526PB;52;Schildersbuurt;Centrum;52.06795181504766; 4.3037863843100315;2
"VERENIGING VAN EIGENAARS ""UITGEESTSTRAAT 97 TOT EN MET 225 TE DEN HAAG""GEVESTIGD TE DEN HAAG";40;2547VD;143;Leyenburg;Escamp;52.06125924218325; 4.263381741094394;2
'Vereniging Van Eigenaars Amberhorst/Onyxhorst Te 'S-Gravenhage';40;2592JJ;4;Mariahoeve en Marlot;Haagse Hout;52.094379589973855; 4.358984304944603;2
"""Vereniging Van Eigenaars Woningen Brueghelstraat 109 Tot En Met 143a (Oneven Nummers) En V.D. Neerstraat 128 Tot En Met 172 (Even Nummers) En Stallinggarage Brueghelstraat 145 Te Den Haag""";40;2525RC;109;Schildersbuurt;Centrum;52.06811541096176; 4.3016860965684804;3
"""Vereniging Van Eigenaars Gebouw ""Het Prinsenhuys"" Aan De Prinsegracht/Lage Nieuwstraat Te 'S-Gravenhage""";40;2512EX;75;Centrum;Centrum;52.07377810740188; 4.302750880114145;1
Vereniging van eigenaars The Ambassador te Den Haag;39;2517KM;126;Geuzen- en Statenkwartier;Scheveningen;52.093317028468164; 4.2804861990802765;1
Vereniging van eigenaars Nieuw Kijkduin woningen Sirocco, Deltaplein 313 tot en met 352 te ‘s-Gravenhage;39;2554GT;313;Kijkduin en Ockenburgh;Loosduinen;52.06831675148847; 4.220746739340492;2
Vereniging van eigenaars Erica te 's-Gravenhage;39;2492JG;6;Leidschenveen;Leidschenveen-Ypenburg;52.06399533344992; 4.404556749716655;1
Vereniging van Eigenaren Gerard Doustraat 2 Tot En Met 48b (Even Nummers) En Houtzagerssingel 154 Tot En Met 160 (Even En Oneven Nummers) Te 'S-Gravenhage;39;2526NG;4;Schildersbuurt;Centrum;52.07076330005995; 4.301523207306527;2
Vereniging van Eigenaars Wateringseveld deelproject 2 blok 4 appartementsindex 1 te 's-Gravenhage;39;2548TW;3;Wateringse Veld;Escamp;52.02314231149579; 4.294268509805073;2
Vereniging van Eigenaars Beeklaan 449 tot en met 527 te 's-Gravenhage;39;2562BC;449;Bomen- en Bloemenbuurt;Segbroek;52.08237789596183; 4.274577251850239;3
Vereniging Van Eigenaren Loenensestraat 93/169 (Oneven Nummers) Te 'S-Gravenhage;39;2574RH;93;Rustenburg en Oostbroek;Escamp;52.06261035825015; 4.278548370929718;3
Vereniging Van Eigenaren Gebouw Hengelolaan 911 T/M 999 (Oneven) Te 'S-Gravenhage;39;2544GE;911;Bouwlust/Vrederust;Escamp;52.04292582292431; 4.258728562065917;2
Vereniging Van Eigenaars Vlaskamp 20 T/M 138 ( Even Nummers)Rs) Te 'S-Gravenhage;39;2592AB;50;Mariahoeve en Marlot;Haagse Hout;52.09144683512477; 4.348261508406234;3
Vereniging Van Eigenaars Gebouw Maritiem;39;2583JZ;263;Scheveningen;Scheveningen;52.094022062564946; 4.264619572854772;1
Vereniging Van Eigenaars Elandstraat 88 Tot En Met 158;39;2513GV;92;Zeeheldenkwartier;Centrum;52.080137668361914; 4.296588089762834;2
Vereniging Van Eigenaars De Driehoek Aan De Treilerdwarsweg,Zeesluisweg En Schokkerweg Te 'S-Gravenhage;39;2583BH;10;Scheveningen;Scheveningen;52.10105951025177; 4.270376492584409;3
Vereniging Van Eigenaars Complex Zwartsluisstraat Te 'S-Gravenhage;39;2541CV;111;Morgenstond;Escamp;52.04482032526305; 4.28241621894296;2
Vereniging Van Eigenaars Complex Allegro Aan Het Muzenplein Te S Gravenhage;39;2511GC;12;Centrum;Centrum;52.07930395826761; 4.31915794119278;2
Vereniging Van Eigenaars Beatrijsstraat 9 T/M 55 Jan Van Rodestraat 71 T/M 105 Jan De Weertstraat 2 Te 'S-Gravenhage;39;2531XC;9;Moerwijk;Escamp;52.0567991854556; 4.298086005436708;3
Vereniging van eigenaren van het gebouw met twee garagecomplexen Louise Henriettestraat 10 t/m 98 (even), Louise de Colignystraat 1 en 3 en Koningin Sophiestraat 4 t/m 22 (even), te 's-Gravenhage;38;2595TH;10;Bezuidenhout;Haagse Hout;52.08157954772075; 4.336040551132124;2
Vereniging van eigenaars Nieuw Kijkduin woningen Lombarde, Deltapromenade 416 tot en met 453 te ‘s-Gravenhage;38;2554GX;416;Kijkduin en Ockenburgh;Loosduinen;52.067941036661246; 4.219623584514663;1
Vereniging van eigenaars Nieuw Kijkduin woningen B, Deltaplein 238 tot en met 276 te 's-Gravenhage;38;2554GW;238;Kijkduin en Ockenburgh;Loosduinen;52.068901711685626; 4.2218131066693365;1
Vereniging van Eigenaars Van Ostadestraat 528 tot en met 616 (even nummers) te Den Haag;38;2526GS;528;Schildersbuurt;Centrum;52.06437830879951; 4.301827635142763;3
Vereniging van Eigenaars Badhuisweg 11/13 te 's-Gravenhage;38;2587CA;11;Scheveningen;Scheveningen;52.11092316920196; 4.285252716588119;1
Vereniging Van Eigenaars Wilmerwater Te S Gravenhage;38;2497XV;1;Ypenburg;Leidschenveen-Ypenburg;52.03655644664576; 4.367532708890003;2
Vereniging Van Eigenaars Rozenburgstraat 22 Tot En Met 50 (Even) En Van Goghstraat 82 Tot En Met 112 (Even) Te 'S-Gravenhage;38;2512ST;22;Schildersbuurt;Centrum;52.072335928795674; 4.29376623693621;3
Vereniging Van Eigenaars Rhenenstraat 60 Tot En Met 130 (Even) Te 'S-Gravenhage;38;2546TW;60;Leyenburg;Escamp;52.05951974080723; 4.278158785886326;2
Vereniging Van Eigenaars Gebouw Facade, Dedemsvaartweg Te S Gravenhage;38;2545DS;1217;Bouwlust/Vrederust;Escamp;52.040823249765864; 4.2782667529603895;1
Vereniging Van Eigenaars Flatgebouw Dedemsvaartstate Aan De Dedemsvaartweg Te 'S-Gravenhage;38;2545DR;1125;Bouwlust/Vrederust;Escamp;52.04141209666175; 4.2771455713951;1
Vereniging Van Eigenaars Dedemsvaartweg Ii Te 'S-Gravenhage;38;2545DD;235;Bouwlust/Vrederust;Escamp;52.047062262209195; 4.267999821579509;1
Vereniging Van Eigenaars Deckersduyn Te S Gravenhage;38;2517SC;19;Duinoord;Scheveningen;52.08448556993908; 4.27535110095198;1
Vereniging Van Eigenaars 'S-Gravenduyn Blok 3.2 Aan De Groningsestraat Te 'S-Gravenhage;38;2587PH;285;Belgisch Park;Scheveningen;52.11379885441728; 4.292890391431576;2
"""Vereniging Van Eigenaars Nieuwe Haven Te 'S-Gravenhage""";38;2511XC;7;Centrum;Centrum;52.07606626997529; 4.320737118297509;3
"""Vereniging Van Eigenaars Dedemsvaartweg Kavel 26 Te 'S-Graven- Hage""";38;2545DP;1025;Bouwlust/Vrederust;Escamp;52.041880057279336; 4.276189832685952;1
vereniging van eigenaars engelenburgstr 50 t/m 110 (even nrs) joubertplantsoen 112 t/m 126 (doorlopend) te 's Gravenhage;37;2571XG;52;Transvaalkwartier;Centrum;52.070590621270846; 4.290654544740059;3
Vereniging van eigenaars Nieuw Kijkduin I,5 Deltaplein 280 en Deltapromenade 250 tot en met 293, 295 en 297 te 's- Gravenhage;37;2554GX;250;Kijkduin en Ockenburgh;Loosduinen;52.068526090540615; 4.2210905919532085;1
Vereniging van Eigenaars ondersplitsing ZuidDuin blok 4 te Scheveningen;37;2583LL;309;Scheveningen;Scheveningen;52.09545573479647; 4.260257787042262;1
Vereniging van Eigenaars Vreeswijkstraat 287 tot en met 361 's-Gravenhage;37;2546AJ;289;Leyenburg;Escamp;52.058297116992414; 4.276740697570996;2
Vereniging van Eigenaars Kranenburgweg 180 B t/m 184 P te 's-Gravenhage;37;2583ER;180;Scheveningen;Scheveningen;52.09490459840913; 4.262295866305982;1
Vereniging van Eigenaars Falckstraat 159 tot en met 225 en Naaldwijksestraat 23 tot en met 61 te s-Gravenhage;37;2515KW;31;Schildersbuurt;Centrum;52.06920189759727; 4.317677451658744;3
Vereniging van Eigenaars Duinstrip complex 7 te 's-Gravenhage;37;2583VL;4;Duindorp;Scheveningen;52.091508282910716; 4.257200828793412;4
Vereniging van Eigenaars De Ridderhof 2 te 's-Gravenhage;37;2531HL;1;Moerwijk;Escamp;52.05059165679458; 4.302633510546071;2
Vereniging van Eigenaars Breitnerlaan 288 tot en met 370;37;2597VK;19;Benoordenhout;Haagse Hout;52.09418516576846; 4.331928223551443;4
Vereniging Van Eigenaren Ranonkelstraat 99 T/M 195 Te 'S-Gravenhage;37;2565BB;57;Bomen- en Bloemenbuurt;Segbroek;52.07707060959165; 4.253954846089195;3
Vereniging Van Eigenaars Rijswijkseweg 29a Tot En Met 43e;37;2516ED;29;Laakkwartier en Spoorwijk;Laak;52.06909875518059; 4.3266772045500375;1
Vereniging Van Eigenaars Loosduinse Hoofdstraat 588 Tot En Met 662 (Even Nummers) Te 'S-Gravenhage;37;2552BH;588;Loosduinen;Loosduinen;52.052432501934156; 4.231808116574913;1
Vereniging Van Eigenaars Loosduinse Hoofdstraat 552 Tot En Met 582 (Even Nummers) En Loosduinse Uitleg 51 Tot En Met 97 (Oneven Nummers) Te 'S-Gravenhage;37;2553AX;51;Loosduinen;Loosduinen;52.05237881807609; 4.233055607101445;2
"Vereniging Van Eigenaars Appartementengebouw De Hogenhout Aan De Van Hogenhoucklaan Te 'S Gravenhage""";37;2596TB;53;Benoordenhout;Haagse Hout;52.09782675753291; 4.31954406194251;3
VVE ondersplitsing woningen Van Bassenstr 80 t/m 110, 114 t/m120 (even nrs), 124, 126, Parallelwg 77 t/m 82A (doorlopend genummerd) en Koningstr 615 tot en met 623 (oneven nrs) te 's-Gravenhage;37;2525ND;77;Schildersbuurt;Centrum;52.06703538226017; 4.315873440324671;4
"""Vereniging Van Eigenaars Adelheidstraat 123 Tot En Met 199 (Oneven Nummers) Te 'S-Gravenhage""";37;2595EV;123;Bezuidenhout;Haagse Hout;52.08248669697001; 4.331947658487609;1
vereniging van Eigenaars Woningen I, Complex Wijnhavenkwartier I te 's-Gravenhage;36;2511DK;10;Centrum;Centrum;52.078355347296124; 4.319850804982958;1
Vve Wijkpark Transvaal I Te 'S Gravenhage;36;2572TZ;6;Transvaalkwartier;Centrum;52.06805606586205; 4.293839031349335;2
Vereniging van Eigenaren Van Zeggelenlaan 17/79, Capadosestraat 43/49 's-Gravenhage;36;2524AA;17;Laakkwartier en Spoorwijk;Laak;52.057445754744876; 4.314555594651537;3
Vereniging van Eigenaren Reitzstraat-Kockstraat;36;2571TK;160;Transvaalkwartier;Centrum;52.06963121507917; 4.289422104612819;2
Vereniging van Eigenaars Mankesstraat 1 tot en met 83 te 's-Gravenhage;36;2597CJ;1;Benoordenhout;Haagse Hout;52.09478145016533; 4.333550010155811;2
Vereniging van Eigenaars Hengelolaan 567 tot en met 577 (oneven nummers), Hengelolaan 635 tot en met 705 (oneven nummers) en Wolvenrade 140 te 's-Gravenhage;36;2544GC;635;Bouwlust/Vrederust;Escamp;52.04505920881852; 4.263081035296493;2
Vereniging van Eigenaars Helena aan Zee;36;2586GL;2;Scheveningen;Scheveningen;52.11075427149262; 4.280704155261479;2
Vereniging van Eigenaars Daal en Bergselaan 2-48 B/Ranonkelstraat 393/411 te 's-Gravenhage;36;2565AC;2;Bomen- en Bloemenbuurt;Segbroek;52.076132790085566; 4.251447529204605;2
"Vereniging van Eigenaars ""Carmiggelt""aan de Fluitschiplaan 289 tot en met 365 (oneven nummers) te 's-Gravenhage";36;2496XZ;289;Ypenburg;Leidschenveen-Ypenburg;52.05187569586901; 4.3883838696696404;1
Vereniging van Eig. Gerrit van der Veenlaan 243 t/m 257 (oneven), 261 t/m 269 (oneven), 279, 283 t/m 297 (oneven), 301, 305 t/m 315 (oneven) en Van der Goeslaan 30 t/m 38 (even) en 42 te 's-Gravenhage;36;2552WE;11;Loosduinen;Loosduinen;52.05493754148091; 4.249871930721559;3
Vereniging Van Eigenaren Segbroekpark-Ranonkelstraat 1/97 Te 'S-Gravenhage;36;2565BA;1;Bomen- en Bloemenbuurt;Segbroek;52.07680158914546; 4.254247969620298;2
Vereniging Van Eigenaren Ranonkelstraat 295 T/M 391 Oneven Te 'S-Gravenhage;36;2565BG;315;Bomen- en Bloemenbuurt;Segbroek;52.07603256837638; 4.252391011929075;2
Vereniging Van Eigenaren Ranonkelstraat 197/293 Oneven Te 'S-Gravenhage;36;2565BD;217;Bomen- en Bloemenbuurt;Segbroek;52.07627029539014; 4.2529781745432595;3
Vereniging Van Eigenaren Otterrade 2 T/M 72 (Even Nrs.) En Hengelolaan 555 T/M 565 (Oneven Nrs.) En Wolvenrade 138 Te 'S-Gravenhage;36;2544JB;2;Bouwlust/Vrederust;Escamp;52.045394516126194; 4.262577010145201;2
Vereniging Van Eigenaren Mient 5/75 (Oneven Nrs.) Te S Gravenhage;36;2564KE;5;Valkenboskwartier;Segbroek;52.07169275815306; 4.271517896021344;2
Vereniging Van Eigenaren Hengelolaan 413 T/M 427 En Dedemsvaartweg 394 T/M 398 S;36;2545AL;394;Morgenstond;Escamp;52.0480699903032; 4.267910876503168;2
Vereniging Van Eigenaren Hanenburglaan 18 T/M 40 (Even) Te 'S-Gravenhage;36;2565GR;18;Bomen- en Bloemenbuurt;Segbroek;52.08198912074566; 4.272032559934471;3
Vereniging Van Eigenaren Conradkade 67/68 En Laan Van Meerdervoort 218 En 220 Te 'S-Gravenhage;36;2517BK;218;Regentessekwartier;Segbroek;52.08066987984803; 4.284690171211764;2
Vereniging Van Eigenaars Zeekant 100 T/M 100 L, 101 T/M 101 L, 102 T/M 102 L Te Scheveningen;36;2586JG;100;Belgisch Park;Scheveningen;52.116201089960924; 4.286213948024374;2
Vereniging Van Eigenaars Westeinde 9 T/M 15 Te Den Haag;36;2512GS;9;Centrum;Centrum;52.07699505439668; 4.3054723470879965;1
Vereniging Van Eigenaars Van Het Gebouw Aan De Jules Massenetstraat 6 Tot En Met 100 (Even Nummers) Te 'S-Gravenhage;36;2551XD;6;Waldeck;Loosduinen;52.059504162870425; 4.243495594649666;1
Vereniging Van Eigenaars Van Appartementen 'S-Gravenhof Te 'S-Gravenhage;36;2597JM;121;Westbroekpark en Duttendel;Scheveningen;52.10489535243554; 4.296003029130021;1
Vereniging Van Eigenaars Parkflat Duttendel Iv Te 'S-Gravenhage;36;2597BK;1096;Westbroekpark en Duttendel;Scheveningen;52.109152708652466; 4.306148016615106;2
Vereniging Van Eigenaars Parkflat Duttendel Iii Te S Gravenhage;36;2597BJ;1012;Westbroekpark en Duttendel;Scheveningen;52.10887175982328; 4.306841397766996;2
Vereniging Van Eigenaars Leggelostraat 57 Tot En Met 79 En Eeldeplantsoen 2 Tot En Met 84 Te Den Haag;36;2541JD;2;Morgenstond;Escamp;52.04334806919028; 4.276917256276182;2
Vereniging Van Eigenaars Hoefkade 263 Tot En Met 307 A (Oneven Nummers)Te 'S-Gravenhage;36;2526BS;265;Schildersbuurt;Centrum;52.06754214258494; 4.31104426929296;2
Vereniging Van Eigenaars Gebouw Driebergenstraat 151 T/M 221 (Oneven Nummers) Te 'S-Gravenhage;36;2546BD;151;Leyenburg;Escamp;52.05923300883012; 4.273816986646052;2
Vereniging Van Eigenaars De Rade 60 Tot En Met 138 (Even Nummers) Te Den Haag;36;2544JJ;60;Bouwlust/Vrederust;Escamp;52.04683663652805; 4.259844622221916;2
Vereniging Van Eigenaars David Blesstraat 108 Tot En Met 154(Even Nummers) En Van Der Helststraat 115 Tot En Met 143(Oneven Nummers) Te Den Haag;36;2526BL;110;Schildersbuurt;Centrum;52.06504926281067; 4.308236358085034;2
Vereniging Van Eigenaars Bontekoekade 105 Tot En Met 108, 110 Tot En Met 116 En Van Leeuwenhoekstraat 113 Tot En Met 167 (Onven Nummers).;36;2516LD;105;Laakkwartier en Spoorwijk;Laak;52.06938358667032; 4.329635610353066;2
(Onder)Vereniging Van Eigenaars Laan Van Wateringseveld,Maisgeel Blok 4;36;2548TW;4;Wateringse Veld;Escamp;52.02323184279477; 4.294153577895036;2
"vereniging van eigenaars ""Verisstraat 88 tot en met 156(even nummers)te 's-Gravenhage";35;2521CN;88;Laakkwartier en Spoorwijk;Laak;52.062225166802264; 4.312728418601279;1
Vereniging van Eigenaren Willem Pijperstraat 2 tot en met 70 te 's-Gravenhage;35;2551CL;2;Waldeck;Loosduinen;52.05875212886813; 4.22917524595394;2
Vereniging van Eigenaars ondersplitsing Molenslootstraat 134 tot en met 208 (even nummers) en Laakweg 191 tot en met 194 te s-gravenhage;35;2521SV;138;Laakkwartier en Spoorwijk;Laak;52.06479859609468; 4.323920289565524;2
Vereniging van Eigenaars Wolmaransstraat 225 tot en met 301 te s Gravenhage;35;2572EE;229;Transvaalkwartier;Centrum;52.063686032022; 4.296554008228091;2
Vereniging van Eigenaars SALA, Meppelweg 504 tot en met 572 (even nummers) te 's-Gravenhage;35;2544BN;504;Morgenstond;Escamp;52.05211369267842; 4.267976027363563;1
Vereniging van Eigenaars Rijswijksestraat 4 tot en met 78 (even nummers) en Hoefkade 560 tot en met 580 (even nummers) te s gravenhage;35;2515HZ;8;Schildersbuurt;Centrum;52.068178883559646; 4.3136575856585875;3
Vereniging van Eigenaars Lubeckstraat 96 tot en met 160, 2e Sweelinckstraat 151 tot en met 155, te 's-Gravenhage;35;2517ST;96;Duinoord;Scheveningen;52.085351112245775; 4.278382358726188;3
Vereniging van Eigenaars Korte Vleerstraat 32 tot en met 110 (even nummers) te 's-Gravenhage;35;2513VL;32;Centrum;Centrum;52.07712281219204; 4.304560339565706;2
Vereniging van Eigenaars CASA Meppelweg 574 tot en met 642 (even nummers) te 's-Gravenhage;35;2544BN;574;Morgenstond;Escamp;52.05174953111252; 4.267095080681953;1
Vereniging van Eigenaars Bloemfonteinstraat 120 tot en met 198 te s Gravenhage;35;2572JL;124;Transvaalkwartier;Centrum;52.0635341435119; 4.296100143568084;2
Vereniging van Eigenaars Binck Toren Laag, Zodiakplein 93 tot en met 127 te ‘s-Gravenhage;35;2516CH;93;Binckhorst;Laak;52.06170380136283; 4.342190037431896;1
Vereniging Van Eigenaren-Ama-1;35;2545JA;1;Morgenstond;Escamp;52.05259879516914; 4.277982284585573;2
Vereniging Van Eigenaren Loosduinse Hoofdstraat Nrs. 300 T/M 350 ( Even Nrs) En Arnold Spoelplein Nrs. 230 T/M 260 Te Loosduinen Gem. 'S-Gravenhage;35;2553CS;230;Loosduinen;Loosduinen;52.0527276730566; 4.23456153125675;3
Vereniging Van Eigenaren Hanedoesstraat 1 T/M 83 Te 'S-Gravenhage;35;2597XC;1;Benoordenhout;Haagse Hout;52.095947644397356; 4.336597294149901;2
Vereniging Van Eigenaars Van Het Gebouw Burgemeester Hovylaan 78-148 Te S Gravenhage;35;2552AZ;82;Loosduinen;Loosduinen;52.05261105339496; 4.246776906041586;1
Vereniging Van Eigenaars Rhenenstraat 63 Tot En Met 129 (Oneven Nummers) Te 'S-Gravenhage;35;2546TR;63;Leyenburg;Escamp;52.0596401159245; 4.277985697387035;2
Vereniging Van Eigenaars Menno Ter Braakstraat 162 Tot En Met 230 (Even Nummers) Te 'S-Gravenahge (Canninnefaten I);35;2548EC;162;Wateringse Veld;Escamp;52.03584950022462; 4.273333043677875;1
Vereniging Van Eigenaars Loevesteinlaan 891 Tot En Met 901 G Te S Gravenhage;35;2533CA;891;Moerwijk;Escamp;52.04437844524104; 4.289863170863222;2
Vereniging Van Eigenaars 2e Messstraat 10 T/M 80 Te 'S-Gravenhage;35;2586XD;10;Scheveningen;Scheveningen;52.11017252304446; 4.282847683735125;2
VvE Woningen Flair 10;34;2553DA;16;Kraayenstein en Vroondaal;Loosduinen;52.03988810191052; 4.233615375349925;1
Vereniging van eigenaars Klein Houtrust Woningen;34;2566HD;78;Vogelwijk;Segbroek;52.08661498426491; 4.269040692935708;1
Vereniging van Eigenaars Wapserveenstraat 509 tot en met 575 (oneven nummers) te s gravenhage;34;2545KX;509;Morgenstond;Escamp;52.046358416940656; 4.272294325153083;2
Vereniging van Eigenaars Van Ostadestraat 409 tot en met 489 (oneven nummers) te Den Haag.;34;2526GA;409;Schildersbuurt;Centrum;52.064514587315635; 4.301670569588273;2
Vereniging van Eigenaars Steijnlaan 60b tot en met 88 (even nummers)/Engelenburgstraat 173 tot en met 203 (oneven nummers) te 's-Gravenhage;34;2571RG;62;Transvaalkwartier;Centrum;52.06908044575889; 4.291641006203706;3
Vereniging van Eigenaars Louis Armstrongkade 110 tot en met 190 (oneven nummers) te 's-Gravenhage;34;2551WV;110;Waldeck;Loosduinen;52.056431779893636; 4.238639049098745;1
Vereniging van Eigenaars Haagsche Kwartier Leyweg/Escamplaan ondersplitsing woningen 4 te 's-Gravenhage;34;2547EX;880;Leyenburg;Escamp;52.05737590002401; 4.2632373794117795;1
Vereniging Van Eigenaren Parkzicht Ii Te 'S-Gravenhage;34;2543GL;182;Bouwlust/Vrederust;Escamp;52.0359106861991; 4.256492557931683;2
Vereniging Van Eigenaren Azaleastraat 37/91 Te 'S-Gravenhage;34;2565CC;39;Bomen- en Bloemenbuurt;Segbroek;52.07468209487285; 4.262718960619117;2
Vereniging Van Eigenaars Wateringseveld Deelproject 2 Blok 1 Appartementsindex 1 Te 'S-Gravenhage Gevestigd Te 'S-Gravenhage;34;2548BT;1071;Wateringse Veld;Escamp;52.0226240215774; 4.293239451180286;1
Vereniging Van Eigenaars Vaillantlaan, Gerard Doustraat En Paletplein Blok 1a Te S Gravenhage;34;2526HM;68;Schildersbuurt;Centrum;52.06946795643422; 4.30183911873464;3
Vereniging Van Eigenaars Usselincxstraat 2e T/M 72 Te S Gravenhage;34;2593VL;2;Bezuidenhout;Haagse Hout;52.08223590629771; 4.344140249499733;2
Vereniging Van Eigenaars Roxy Te 'S-Gravenhage;34;2512XS;21;Centrum;Centrum;52.0723314075904; 4.312099821476099;4
Vereniging Van Eigenaars Laan Van Meerdervoort 1018 T/M 1094 =Even= Kersenstraat 5 Te 'S-Gravenhage;34;2564AW;1020;Vruchtenbuurt;Segbroek;52.068055643465485; 4.248739120097316;2
Vereniging Van Eigenaars La Residence Te Den Haag;34;2586BK;75;Scheveningen;Scheveningen;52.11128603308016; 4.281777972743749;1
Vereniging Van Eigenaars De Cascade;34;2492PX;274;Leidschenveen;Leidschenveen-Ypenburg;52.06153609460706; 4.417209682521977;1
Vereniging Van Eigenaars Charlotte De Bourbonstraat 70 Tot En Met 126 En Charlotte De Bourbonplein 31 Tot En Met 38 Te S Gravenhage;34;2595VC;31;Bezuidenhout;Haagse Hout;52.077831245573925; 4.332455952000907;4
Vereniging Van Eigenaars Centrumplan Ypenburg Blok C Te 'S-Gravenhage;34;2496SH;63;Ypenburg;Leidschenveen-Ypenburg;52.04194378063865; 4.369881865852534;1
vereniging van eigenaars hoek christoffel plantijnstraat en willem silviusstraat te 's-gravenhage 't haegsch hof V;33;2515TX;1;Stationsbuurt;Centrum;52.07606135089909; 4.3243368389547285;4
Vve woningen en bergingen B. Russellln 4, 4a, 4b, 4c, 4d, 4e, 4f, 4g, 4h, 4j, 6, 6a, 6b, 6c, 6d, 6e, 6f, 6g, 6h, 6j, 8, 8a, 8b, 8c, 8d, 8e, 8f, 10, 10a, 10b, 10c, 10d, 10e, 12, 12a en 12b te ‘s-Grav;33;2553DP;4;Kraayenstein en Vroondaal;Loosduinen;52.04128842644024; 4.232062115571223;1
Vereniging van eigenaars Oude Haagweg Gebouw Haag te s-Gravenhage.;33;2552EP;44;Loosduinen;Loosduinen;52.056381436338114; 4.246097782303772;1
Vereniging van eigenaars Oude Haagweg Gebouw Goes te s-Gravenhage;33;2552EP;42;Loosduinen;Loosduinen;52.05622847387746; 4.245570054354409;1
Vereniging van Eigenaars Javastraat 87/95B en Mallemolen 11/19B te 's-Gravenhage;33;2585XG;11;Willemspark;Centrum;52.088572673055616; 4.310587252026043;2
Vereniging van Eigenaars Groene Mient te 's-Gravenhage;33;2564KV;1;Vruchtenbuurt;Segbroek;52.06812866092167; 4.260183488636785;2
Vereniging van Eigenaars Bevelandsestraat 1 tot en met 53 (oneven nummers) en Vlielandsestraat 111 tot en met 121 (oneven nummers) te ’s-Gravenhage;33;2583HT;1;Duindorp;Scheveningen;52.089246944962944; 4.259214927929682;3
Vereniging Van Eigenaren Van Trigtstraat 2 T/M 70 ( Even) Ary Schefferstraat 20 En Breitnerlaan 381 Te'S-Gravenhage;33;2597VZ;2;Benoordenhout;Haagse Hout;52.09555578289538; 4.33540805955613;2
Vereniging Van Eigenaren Gebouw De Gaarde 17 T/M 53 (Oneven) En Zwaardvegersgaarde 66 T/M 138 (Even) Te 'S-Gravenhage;33;2542CB;19;Bouwlust/Vrederust;Escamp;52.039450008468904; 4.272725457094563;3
Vereniging Van Eigenaars Woudenbergstraat 139 T/M 205 (Oneven) Te S Gravenhage;33;2546VP;141;Leyenburg;Escamp;52.05921088690998; 4.275621412558553;2
Vereniging Van Eigenaars Veenendaalkade 598/668 Te 'S-Gravenhage;33;2547BE;598;Leyenburg;Escamp;52.05776661644304; 4.267211028738857;2
Vereniging Van Eigenaars Snoekbaarssingel 60 Tot En Met 92;33;2492MC;60;Leidschenveen;Leidschenveen-Ypenburg;52.05934316729777; 4.414252840113331;1
Vereniging Van Eigenaars Ruinerwoldstraat 2 Tot En Met 78(Even Nummers) Te 'S-Gravenhage;33;2541PR;2;Morgenstond;Escamp;52.0426889487348; 4.280316755347852;2
Vereniging Van Eigenaars Ruinerwoldstraat 1 Tot En Met 77(Oneven Nummers) Te 'S-Gravenhage;33;2541PN;1;Morgenstond;Escamp;52.04253558081487; 4.280030785232552;2
Vereniging Van Eigenaars Ohmstraat/Mariottestraat/Madam Curieplein Te 'S-Gravenhage;33;2561RX;1;Valkenboskwartier;Segbroek;52.07010571845344; 4.277445335528343;4
Vereniging Van Eigenaars Koekangestraat 66 Tot En Met 142(Even Nummers) Te 'S-Gravenhage;33;2541PX;66;Morgenstond;Escamp;52.043070864805145; 4.281052309232843;2
Vereniging Van Eigenaars Klipperwerf Te 'S-Gravenhage;33;2587BA;1;Scheveningen;Scheveningen;52.10756227071695; 4.286276408361171;2
Vereniging Van Eigenaars Dwingelostraat 1 Tot En Met 77(Oneven Nummers)Te 'S-Gravenhage;33;2541RB;1;Morgenstond;Escamp;52.043303484525985; 4.2814981361835915;2
vereniging van eigenaars zonnevijver;32;2493CH;72;Leidschenveen;Leidschenveen-Ypenburg;52.06585177535334; 4.397608258372235;1
vereniging van eigenaars duinstrip blok 5;32;2583PJ;127;Duindorp;Scheveningen;52.090325742193386; 4.25599931547801;3
vereniging van appartementseigenaars gebouw steenwijklaan 408 tot en met 478 (even nummers) te 's-gravenhage;32;2541RW;408;Morgenstond;Escamp;52.04190514402001; 4.278246665325565;2
vereniging van appartementseigenaars gebouw dedemsvaartweg 1170 tot en met 1204 (even nummers) en erasmusweg 1435 tot en met 1469 (oneven nummers) te 's-gravenhage;32;2545BJ;1170;Morgenstond;Escamp;52.040707480976806; 4.279604627945054;2
Vve Klaproosveld 13/44 Te Leidschendam;32;2492LX;13;Leidschenveen;Leidschenveen-Ypenburg;52.06727665655188; 4.402912086640925;1
Vereniging van eigenaars gebouw HubertusstaeteWonen te 's-Gravenhage;32;2596TC;93;Benoordenhout;Haagse Hout;52.10078026865046; 4.316213906481553;1
Vereniging van eigenaars Nieuwe Beeklaan blok 3 en 4 te 's-gravenhage;32;2562AM;106;Valkenboskwartier;Segbroek;52.072169862115295; 4.282576330477855;2
Vereniging van eigenaars Nieuw Kijkduin woningen Levanter, Deltapromenade 379 tot en met 410 te ‘s-Gravenhage;32;2554GX;379;Kijkduin en Ockenburgh;Loosduinen;52.068401994497584; 4.2200408374802185;1
Vereniging van Ondereigenaars Gebouw Pachtersdreef 78 tot en met 148 (even nummers) en Jonkersdreef 2 te  s Gravenhage;32;2542XK;78;Bouwlust/Vrederust;Escamp;52.033555474667125; 4.262979488398107;2
Vereniging van Ondereigenaars Gebouw Pachtersdreef 4 tot en met 74 (even nummers) en Drostendreef 2 te 's-Gravenhage;32;2542XH;4;Bouwlust/Vrederust;Escamp;52.03421237853608; 4.264437599273362;2
Vereniging van Ondereigenaars Gebouw Pachtersdreef 152 tot en met 222 (neven nummers) en De Dreef 114 te s Gravenhage;32;2542XM;152;Bouwlust/Vrederust;Escamp;52.03289875237517; 4.2615281922041;2
Vereniging van Eigenaren van Alkemadelaan nummers 1176 tot en met 1246 (even nummers) te 's-Gravenhage;32;2597BM;1176;Westbroekpark en Duttendel;Scheveningen;52.109498844815; 4.305699154873191;2
Vereniging van Eigenaars woningen David Blesstraat 55 tot en met 85 (oneven nummers) en 89 en Vaillantlaan 450a tot en met 476b (even nummers) en stallinggarage David Blesstraat 87 te 's-Gravenhage;32;2526BH;59;Schildersbuurt;Centrum;52.065273363434606; 4.308144338229016;2
Vereniging van Eigenaars woningen Burgemeester Hovylaan 86 tot en met 148 (oneven nummers);32;2552AZ;86;Loosduinen;Loosduinen;52.05284376980075; 4.2466297367496235;1
Vereniging van Eigenaars Stuwstraat 171 tot en met 239 te 's-Gravenhage;32;2516TE;171;Laakkwartier en Spoorwijk;Laak;52.06391842610658; 4.335852516555731;2
Vereniging van Eigenaars Schoeplaan 132 tot en met 202 (even nummers) te 's-Gravenhage;32;2516WH;134;Laakkwartier en Spoorwijk;Laak;52.06373719061913; 4.335331393859749;1
Vereniging van Eigenaars Ruimzicht 202 tot en met 272 (even nummers) te 's-Gravenhage;32;2543RR;202;Bouwlust/Vrederust;Escamp;52.04318144134435; 4.266346770974798;2
Vereniging van Eigenaars Ruimzicht 102 tot en met 172 (even nummers) te 's-Gravenhage;32;2543RN;102;Bouwlust/Vrederust;Escamp;52.04394026756972; 4.26530818331301;2
Vereniging van Eigenaars Koninginnestraat 68 tot en met 98, Naaldwijksestraat 79 tot en met 107 en Parallelweg 53 tot en met 58 te s-Gravenhage;32;2525NC;53;Schildersbuurt;Centrum;52.06783661513933; 4.317092287930793;4
Vereniging van Eigenaars Haagsche KwartierLeyweg/Escamplaan ondersplitsing woningen 1 te 's-Gravenhage;32;2547EX;876;Leyenburg;Escamp;52.05771158671926; 4.263649960025473;1
Vereniging van Eigenaars Gramsbergenlaan 2 tot en met 72 (even) te 2541 AK en 2541 AL 's-Gravenhage;32;2541AK;2;Morgenstond;Escamp;52.05320182675109; 4.274560119848693;2
Vereniging van Eigenaars Gramsbergenlaan 128 tot en met 198 (even, met postcodes 2541 AN en 2541 AP) te 's-Gravenhage;32;2541AN;128;Morgenstond;Escamp;52.052518077595245; 4.272985855475892;2
Vereniging van Eigenaars Fahrenheitstraat/Acaciastraat/Laan van Meerdervoort te 's-Gravenhage;32;2565KH;178;Bomen- en Bloemenbuurt;Segbroek;52.07726075551576; 4.271366230384643;2
Vereniging van Eigenaars Aaltje Noordewierstraat 3 tot en met 73, Landréstraat 2 tot en met 30 te 's-Gravenhage;32;2551SB;3;Waldeck;Loosduinen;52.06163595882757; 4.230592919277232;2
Vereniging Van Eigenaren Waalsdorperweg 321 T/M 413 Oneven Te 'S-Gravenhage;32;2597HZ;343;Benoordenhout;Haagse Hout;52.10538817504889; 4.3217277129607;2
Vereniging Van Eigenaren Valkenbosplein Te 'S-Gravenhage;32;2563CB;17;Valkenboskwartier;Segbroek;52.078241807579595; 4.276381255659453;1
Vereniging Van Eigenaren Sportlaan 734 T/M 812 Te 'S-Gravenhage;32;2566MS;736;Bomen- en Bloemenbuurt;Segbroek;52.07987970009071; 4.259895653491121;2
Vereniging Van Eigenaren Messchaertstraat 2 T/M 66 En Landre- Straat 34-62 Te 'S-Gravenhage;32;2551KP;2;Waldeck;Loosduinen;52.061413205452865; 4.229940344919468;2
Vereniging Van Eigenaren Laan Van Meerdervoort 52 Te 'S-Gravenhage;32;2518ES;25;Zeeheldenkwartier;Centrum;52.08487794452864; 4.296255062299384;2
Vereniging Van Eigenaren Julius Rontgenstraat 2 T/M 110 Even Nrste 'S-Gravenhage;32;2551KT;2;Waldeck;Loosduinen;52.06098427534909; 4.228892353172439;2
Vereniging Van Eigenaren Hondiusstraat 76 T/M 130 Te 'S-Gravenhage;32;2562NB;76;Regentessekwartier;Segbroek;52.07322174423874; 4.285051382900555;3
Vereniging Van Eigenaren Gebouw Zonnebloemstraat 29 T/M 115 (Oneven) Te 'S-Gravenhage;32;2565RP;31;Bomen- en Bloemenbuurt;Segbroek;52.072855868040385; 4.255083629330756;2
Vereniging Van Eigenaren Flatgebouw Theresiastraat Te 'S-Gravenhage;32;2593TZ;4;Bezuidenhout;Haagse Hout;52.087256064496046; 4.339892776795837;1
Vereniging Van Eigenaars Woningen Het Haagsche Hof Aan De Parkstraat 67, 69, 71, 73, 75, 77, 79 En 81 Te S Gravenhage;32;2514JE;67;Centrum;Centrum;52.08348605497513; 4.3090239989894155;2
Vereniging Van Eigenaars Vrederustlaan 106 Tot En Met 176 (Even Nummers) Te 'S-Gravenhage;32;2543SV;106;Bouwlust/Vrederust;Escamp;52.042052425625556; 4.26460295222054;2
Vereniging Van Eigenaars Vondelstraat 184/262 Te 'S-Gravenhage;32;2513GA;186;Zeeheldenkwartier;Centrum;52.08029839466796; 4.298367532236207;2
Vereniging Van Eigenaars Van Het Gebouw Aan De Hector Berliozkade 4 Tot En Met 90 (Even Nummers) Te 'S-Gravenhage;32;2551XR;6;Waldeck;Loosduinen;52.056907627768226; 4.241600480544534;1
Vereniging Van Eigenaars Van Het Flatgebouw Smaragdhorst 337 T/M 421 Te 'S-Gravenhage;32;2592RL;337;Mariahoeve en Marlot;Haagse Hout;52.097853499804266; 4.359159117347506;2
Vereniging Van Eigenaars Van Der Houvenstraat Nummers 3 T/M 75;32;2596PL;3;Benoordenhout;Haagse Hout;52.09626083096643; 4.314607313011853;2
Vereniging Van Eigenaars Van Alkemadelaan 402 Tot En Met 472 Te 'S-Gravenhage Gevestigd Te 'S-Gravenhage;32;2597AV;402;Benoordenhout;Haagse Hout;52.1017272323702; 4.319542595016856;1
Vereniging Van Eigenaars Thorbeckelaan 268 T/M 330 Te 'S-Gravenhage;32;2564BX;268;Waldeck;Loosduinen;52.06406453841348; 4.254107824400068;2
Vereniging Van Eigenaars St. Jacobstraat Woningen;32;2512AN;15;Centrum;Centrum;52.07539623124831; 4.314479221121859;1
Vereniging Van Eigenaars Smaragdhorst 237 Tot En Met 331/Opaal- Horst 26 Tot En Met 36 Te 'S-Gravenhage;32;2592RK;237;Mariahoeve en Marlot;Haagse Hout;52.09762108274188; 4.358454732108673;2
Vereniging Van Eigenaars Saffierhorst 216 T/M 316 Te 'S-Gravenhage;32;2592GP;254;Mariahoeve en Marlot;Haagse Hout;52.09588390563333; 4.356646405232976;2
"Vereniging Van Eigenaars Residence "" Westduinpark"" Nabij De Duinlaan Te ""S-Gravenhage.";32;2554HK;3;Kijkduin en Ockenburgh;Loosduinen;52.072264206672344; 4.24018521799851;2
Vereniging Van Eigenaars Parelmoerstraat 27/89 Saffierstraat 318/356 Te 'S-Gravenhage;32;2592SB;27;Mariahoeve en Marlot;Haagse Hout;52.09650906739113; 4.3563597941104595;2
Vereniging Van Eigenaars Lubeckstraat 103 T/M 127 (Oneven Nummers) En Stadhoudersplantsoen 152 T/M 194 (Even Nummers) Te 'S-Gravenhage;32;2517SN;103;Duinoord;Scheveningen;52.085380278195395; 4.277653459372286;3
Vereniging Van Eigenaars Leyweg 272 T/M 338 (Even) Te 'S-Gravenhage;32;2545EC;272;Leyenburg;Escamp;52.05727733339931; 4.266346934226209;2
Vereniging Van Eigenaars Koxwater Te S Gravenhage;32;2497XW;1;Ypenburg;Leidschenveen-Ypenburg;52.036790911143605; 4.36844170016602;1
Vereniging Van Eigenaars Koekangestraat 9 Tot En Met 85 (Oneven Nummers) Te 'S-Gravenhage;32;2541PT;9;Morgenstond;Escamp;52.04292402399588; 4.280758621971917;2
Vereniging Van Eigenaars Kockstraat 226/294 Te S-Gravenhage;32;2571TL;226;Transvaalkwartier;Centrum;52.06899412884771; 4.288128533342958;3
Vereniging Van Eigenaars Goeverneurlaan 215-285 Te S Gravenhage;32;2523BE;219;Laakkwartier en Spoorwijk;Laak;52.05971479634639; 4.324444640297749;3
Vereniging Van Eigenaars De Genestetlaan 189 T/M 247 Oneven Nrs Te 'S-Gravenhage;32;2522LH;189;Laakkwartier en Spoorwijk;Laak;52.05730538483959; 4.322378695362016;2
Vereniging Van Eigenaars Benoordenhoutseweg 195 Tot En Met 226 Flatgebouw Boschrande;32;2596BD;195;Benoordenhout;Haagse Hout;52.091992063787536; 4.328749982026323;2
Vereniging Van Eigenaars Beethovenlaan 29 T/M 99 Te 'S-Gravenhage;32;2551KA;29;Waldeck;Loosduinen;52.05831537328123; 4.229129063439748;2
Onder-vereniging van eigenaars woningen Lange Lombardstraat 69 tot en met 131 (oneven nummers) te s-Gravenhage;32;2512VP;69;Centrum;Centrum;52.07445065074508; 4.304337593897459;1
"""Vereniging van eigenaars Hoofdsplitsing gebouw De President Verhulstplein 11,12,13,15,16 en 17 te 'S-Gravenhage";32;2517SC;11;Duinoord;Scheveningen;52.085101803171874; 4.2746558167241115;1
"""Vereniging van Eigenaars Ruimzicht 2 tot en met 72 (even nummers) te 's-Gravenhage";32;2543RL;2;Bouwlust/Vrederust;Escamp;52.04453799613891; 4.263999117465328;2
"""Vereniging Van Eigenaars Woningen A-2 In Gebouw Zuiderhof""";32;2545LP;27;Morgenstond;Escamp;52.04819004313112; 4.275546431569093;1
"""Vereniging Van Eigenaars Woningen "" Grand Marche"" Aan De Grote Marktstraat Te 'S-Gravenhage""";32;2512CA;16;Centrum;Centrum;52.075651790657375; 4.310517839840179;1
"""Vereniging Van Eigenaars Appartementengebouw Louis Couperusplein 19 Te 2514hp 'S-Gravenhage""";32;2514HP;5;Centrum;Centrum;52.0849799737879; 4.309220720605565;1
"""V.V.E Netscherstraat 64 Tot En Met 106 (Even Nummers) En Van Der Neerstraat 65 Tot En Met 91 (Oneven Nummers) Te 'S-Gravenhage""";32;2525AR;66;Schildersbuurt;Centrum;52.06848630575659; 4.29987810642113;3
Vereniging van eigenaars Nieuw Kijkduin woningen Poniënte, Deltaplein 206 tot en met 237 te 's-Gravenhage;31;2554GV;206;Kijkduin en Ockenburgh;Loosduinen;52.069318274350024; 4.221495209959021;1
Vereniging van Eigenaars ondersplitsing ZuidDuin blokken 2 en 3 te Scheveningen;31;2583LL;383;Scheveningen;Scheveningen;52.0956547088262; 4.260012315053579;1
Vereniging van Eigenaars des Paapenhove;31;2513TW;2;Centrum;Centrum;52.078880917555274; 4.303025354824832;1
Vereniging van Eigenaars Woningen Loosduinse Uitleg en Willem III straat te 's-Gravenhage;31;2553AZ;12;Loosduinen;Loosduinen;52.05199441195096; 4.234017588432672;1
"Vereniging van Eigenaars Woningen ""De Ambassadeur"" aan het Stadhoudersplantsoen te Den Haag";31;2517JL;6;Zorgvliet;Scheveningen;52.08836430475286; 4.283793856831018;1
Vereniging van Eigenaars St. Jacobstraat 31 tot en met 97 (oneven nummers) te 's-Gravenhage;31;2512AN;33;Centrum;Centrum;52.07553844510821; 4.315008873432316;1
Vereniging van Eigenaars Kortenbos 1 tot en met 51 (oneven nummers) en Zuilingstraat 167 tot en met 193 (oneven nummers) te 's-Gravenhage;31;2513TB;3;Centrum;Centrum;52.07673482006437; 4.301344538326824;2
Vereniging van Eigenaars Gramsbergenlaan 109 tot en met 179 (oneven, met postcodes 2541 AH en 2541 AJ) en Olststraat 71 te 2541 AA te 's-Gravenhage;31;2541AH;109;Morgenstond;Escamp;52.05288989533819; 4.272465762638005;2
"Vereniging van Eigenaars Gebouw ""De Sierkan aan de Antonie Heinsiusstraat 3 tot en met 9B te 's-Gravenhage";31;2582VP;5;Geuzen- en Statenkwartier;Scheveningen;52.089510753022495; 4.278500185169853;2
Vereniging Van Eigenaren Flatgebouw Noorderbeekdwarsstraat 172 T/M 202a Te 'S-Gravenhage;31;2562XW;172;Valkenboskwartier;Segbroek;52.07334994906878; 4.278429581607312;2
Vereniging Van Eigenaars Soestdijksekade 421/483 ( Oneven), Ijsselsteinstraat 2 Te 'S-Gravenhage;31;2574BB;421;Leyenburg;Escamp;52.061481367992904; 4.274416170770998;2
Vereniging Van Eigenaars Soestdijksekade 389/419 ( Onven ), Driebergenstraat 2/32 ( Even) En Ijsselsteinstraat 1 Te 'S-Gravenhage;31;2546BL;2;Leyenburg;Escamp;52.06106767223223; 4.273893476535419;2
Vereniging Van Eigenaars Paganinistraat 2 T/M 18, Rossinilaan 60 T/M 96 En Toscaninistraat 1 T/M 17 Te 'S-Gravenhage;31;2551LT;1;Waldeck;Loosduinen;52.06283684126221; 4.242941424558803;3
Vereniging Van Eigenaars Jonkheer Van Riemsdijklaan 108 Tot En Met 168 (Ypenburg);31;2497BW;108;Ypenburg;Leidschenveen-Ypenburg;52.03668006177945; 4.364337801186027;1
Vereniging Van Eigenaars Flatgebouw Kornalijnhorst 131 T/M 201 (Oneven) En Amberhorst 51 T/M 83 ( Oneven)Te 'S-Gravenhage;31;2592HV;131;Mariahoeve en Marlot;Haagse Hout;52.09499437761464; 4.360740453212322;2
Vereniging Van Eigenaars Carpentierstraatte 'S-Gravenhage;31;2595HE;103;Bezuidenhout;Haagse Hout;52.08466241293315; 4.337291358216509;2
(Onder)Vereniging Van Eigenaars Laan Van Wateringse Veld, Maisgeel, blok 1;31;2548BS;1007;Wateringse Veld;Escamp;52.023062936604376; 4.2926214744278095;1
Vve enschedelaan 4-10 14-24 28-38 42-52 56-66 en 70-74 even nummers te Den Haag;30;2541CJ;6;Morgenstond;Escamp;52.04666817446858; 4.283344264882036;2
Vve Won.Berckheydestr.4t/M34(Even),38t/M60(Even), P.Lastmanstr.99,101,105,107 Hoefkade 367,371,375 Stallingsgarage P.Lastmanstr.103 S Gravenhage;30;2526LX;4;Schildersbuurt;Centrum;52.066221906665575; 4.308430527665982;2
Vve Vriezenveenstraat 1-7 11-21 25-35 39-49 en 53-71 oneven nummers te Den Haag;30;2541CB;3;Morgenstond;Escamp;52.047255176174644; 4.284419448627475;2
Vve Pos-Locatie Te 'S-Gravenhage;30;2526ED;24;Schildersbuurt;Centrum;52.06767238998721; 4.311366136731265;4
Vereniging van Eigenaren van het flatgebouw aan de Thérèse Schwartzestraat 16 tot en met 84 (even nummers) te 's-Gravenhage (fictief);30;2597XJ;16;Benoordenhout;Haagse Hout;52.096199060661725; 4.3371967894694725;2
Vereniging van Eigenaren Maystraat 2a, 4, 6, 8, 10, 12, 14, 16, 18, 20, 22, 24, 26, 28, 30, 32, 34, 36, 38, 40, 42, 44, 46, 48, 50, 52, 54, 56, 58 en 60 te 's-Gravenhage (Fictief);30;2593VW;2;Bezuidenhout;Haagse Hout;52.08269663668861; 4.343724735929185;2
Vereniging van Eigenaars Zandvoortselaan 6 tot en met 96 (even nummers) te 's-Gravenhage;30;2554EK;6;Kijkduin en Ockenburgh;Loosduinen;52.06803997236952; 4.223439379083614;3
Vereniging van Eigenaars Robert Stolzplantsoen 1-59 te 's-Gravenhage;30;2555SG;1;Waldeck;Loosduinen;52.062372093238885; 4.2341541262977795;1
Vereniging van Eigenaars Poortgebouw te ‘s-Gravenhage;30;2597AX;1;Benoordenhout;Haagse Hout;52.10192047680502; 4.315942100366171;1
"Vereniging van Eigenaars Ondersplitsing Bijgebouw ""Park Hoog Oostduin""aan het Oostduinplein te Den Haag";30;2596JS;231;Benoordenhout;Haagse Hout;52.094450622007386; 4.315143574158213;1
Vereniging van Eigenaars Laan van Meerdervoort 1371 tot en met 1429 te 's-Gravenhage;30;2555BJ;1371;Bohemen en Meer en Bos;Loosduinen;52.065162758637896; 4.238194974559756;2
Vereniging van Eigenaars Kritzingerstraat 7 tot en met 15-F (oneven nummers) te s Gravenhage;30;2572XJ;7;Transvaalkwartier;Centrum;52.068080567455375; 4.291525586203576;1
Vereniging van Eigenaars Kritzingerstraat 17 tot en met 67b te s Gravenhage;30;2572XJ;21;Transvaalkwartier;Centrum;52.067432369911124; 4.291504383431836;2
Vereniging van Eigenaars Guido van Dethstraat 60 tot en met 118 (even nummers) te 's-Gravenhage;30;2548ZZ;60;Wateringse Veld;Escamp;52.01841002263072; 4.300938703876429;1
Vereniging van Eigenaars Brandtstraat 8 t/m 66 (even) te s-gravenhage;30;2572CE;8;Transvaalkwartier;Centrum;52.06821548841566; 4.2909071752500365;2
Vereniging van Eigenaars Ambachtsgaarde;30;2542EX;204;Bouwlust/Vrederust;Escamp;52.03552991753115; 4.2659948484412515;1
Vereniging Van Eigenaren Mozartlaan 247 T/M 311, Aaltje Noordewierstraat 77 T/M 95 Te 'S-Gravenhage;30;2555KA;247;Waldeck;Loosduinen;52.06088640128825; 4.231228046704285;2
Vereniging Van Eigenaren Mankesstraat 85 T/M 153 Te 'S-Gravenhage;30;2597CL;85;Benoordenhout;Haagse Hout;52.09566634983533; 4.3325892894039555;2
Vereniging Van Eigenaren De Carpentierstraat 26-67a Helenastraat17-33 Te 'S-Gravenhage;30;2595HC;29;Bezuidenhout;Haagse Hout;52.08658540500044; 4.335064823752037;2
Vereniging Van Eigenaren Cornelis Van Der Lijnstraat 1/17(Onevennrs.) En Bezuidenhoutseweg 389/405 (Oneven Nrs.) Te 'S-Gravenhage;30;2593NC;1;Bezuidenhout;Haagse Hout;52.0905418073948; 4.342114694922896;3
Vereniging Van Eigenaars Woningen Residentie Willemstaete Aan De Scheveningseweg 255 Te Den Haag;30;2584HN;272;Scheveningen;Scheveningen;52.10265668583141; 4.2789044710049895;2
Vereniging Van Eigenaars Winkel-Woningcomplex Rijswijkseweg/Boerhaavestraat Te 'S-Gravenhage;30;2516EJ;102;Laakkwartier en Spoorwijk;Laak;52.07014105082448; 4.326467477088312;2
Vereniging Van Eigenaars Westduinweg Van Bergenstraat Koppelstokstraat Te 'S-Gravenhage;30;2583CE;28;Scheveningen;Scheveningen;52.096558176754826; 4.2695231147098704;3
Vereniging Van Eigenaars Uitgeeststraat 3 Tot En Met 61 (Oneven Nummers) En 65 Tot En Met 83 ( Oneven Nummers) Te 'S-Gravenhage;30;2547VA;3;Leyenburg;Escamp;52.06148669790929; 4.263848495587467;2
Vereniging Van Eigenaars Tweede Sweelinckstraat 157 Tot En Met 207 En Stadhoudersplantsoen 196 Tot En Met 212 Te 'S-Gravenhage;30;2517GX;157;Duinoord;Scheveningen;52.08514683747511; 4.277117768888073;2
Vereniging Van Eigenaars Springfonteinstraat 2 Tot En Met 62;30;2572PL;4;Transvaalkwartier;Centrum;52.06303729322779; 4.2945916077370585;2
Vereniging Van Eigenaars Riouwstraat 97/107b En Borneostraat 73/99 Te 'S-Gravenhage;30;2585GZ;97;Archipelbuurt;Centrum;52.09260875989331; 4.301715364352073;2
Vereniging Van Eigenaars Nieuwendamlaan 11 Tot En Met 69 (Oneven Nummers) En 73 Tot En Met 91 ( Oneven Nummers) Te 'S-Gravenhage;30;2547JH;11;Leyenburg;Escamp;52.06273081031456; 4.263531602029087;2
Vereniging Van Eigenaars Margarethaland Ite 'S-Gravenhage;30;2591TZ;167;Mariahoeve en Marlot;Haagse Hout;52.09191298811561; 4.367450833692347;1
Vereniging Van Eigenaars Mararethaland Iii Te 'S-Gravenhage;30;2591VB;297;Mariahoeve en Marlot;Haagse Hout;52.09264724070379; 4.369083871840502;1
Vereniging Van Eigenaars Louis Davidsstraat 170 T/M 230 (Even Nummers);30;2551DZ;172;Waldeck;Loosduinen;52.056478185512994; 4.229404451274493;1
Vereniging Van Eigenaars Laan Van Meerdervoort 1311 tot en met 1369 (oneven nummers);30;2555BH;1311;Bohemen en Meer en Bos;Loosduinen;52.06535630955477; 4.238867309272714;2
Vereniging Van Eigenaars Jan Palachstraat 1/Steve Bikostraat 2/Salvador Allendestraat 34/Albert Schweitzerlaan 169 Te S Gravenhage;30;2552PG;169;Loosduinen;Loosduinen;52.0597135013198; 4.258420422485464;2
Vereniging Van Eigenaars Fase 1 Van Gebouw Hooftskade1/Hoek Koningstraat 1 Te 'S-Gravenhage;30;2526KA;1;Schildersbuurt;Centrum;52.07169859051281; 4.311446838796268;1
Vereniging Van Eigenaars Driebergenstraat 307 T/M 371 (Oneven Nummers) En Vreeswijkstraat 527 T/M 537(Oneven Nummers) Te 'S-Gravenhage;30;2546BJ;309;Leyenburg;Escamp;52.05735931897547; 4.2741793072548075;3
Vereniging Van Eigenaars Driebergenstraat 223/281 (Oneven) Te 'S-Gravenhage;30;2546BE;223;Leyenburg;Escamp;52.05848134894595; 4.2739636440463835;3
Vereniging Van Eigenaars Dedemsvaartweg 467 Tot En Met 531 Te 'S-Gravenhage;30;2545DH;467;Bouwlust/Vrederust;Escamp;52.04574826145847; 4.269643411908188;1
Vereniging Van Eigenaars Burgemeester Patijnlaan Te S Gravenhage, Gebouw Athena;30;2585DJ;202;Archipelbuurt;Centrum;52.08961496156058; 4.302034911937343;1
Vereniging Van Eigenaars Burgemeester Marijnenlaan Te 'S-Graven-Hage, Gebouw Acropolis;30;2585DP;28;Archipelbuurt;Centrum;52.08858722129159; 4.302912226519665;1
Vereniging Van Eigenaars 'S-Gravenzandelaan 1 Tot En Met 49 (Oneven Nummers), Jacobastraat 1, 1a, 1b En 1c En Zoutkeetsingel 117 En 117a Gevestigd Te 'S-Gravenhage;30;2512HZ;1;Schildersbuurt;Centrum;52.07205094902177; 4.298443442023717;4
VVE van gebouw Woudenbergstraat 75 tot en met 133 ( oneven nummers) te 's-Gravenhage;30;2546VM;75;Leyenburg;Escamp;52.06041926138472; 4.275592945455603;2
"""Vereniging Van Eigenaars Centrumplan Ypenburg Blok C Laagbouw Te 'S-Gravenhage""";30;2496SH;63;Ypenburg;Leidschenveen-Ypenburg;52.04194378063865; 4.369881865852534;1
vereniging van eigenaren landouwen iii te 's-gravenhage;29;2492KC;183;Leidschenveen;Leidschenveen-Ypenburg;52.071423700406484; 4.40369949545525;1
vereniging van eigenaren landouwen ii te 's-gravenhage;29;2492KD;247;Leidschenveen;Leidschenveen-Ypenburg;52.07189562622217; 4.4031575528297795;1
Vereniging van Eigenaren Landouwen V te 's-Gravenhage;29;2492KA;55;Leidschenveen;Leidschenveen-Ypenburg;52.07056814351216; 4.404934048596132;1
Vereniging van Eigenaren Landouwen IV te 's-Gravenhage;29;2492KB;119;Leidschenveen;Leidschenveen-Ypenburg;52.07103179920381; 4.404399983417834;1
Vereniging van Eigenaren Landouwen I te 's-Gravenhage;29;2492KE;311;Leidschenveen;Leidschenveen-Ypenburg;52.07226994183232; 4.40248328908952;1
Vereniging van Eigenaars Louis Couperusplein 35/64 te 's-Gravenhage;29;2514HP;35;Centrum;Centrum;52.08453841709498; 4.3102928454347404;3
Vereniging van Eigenaars Loosdrechtsestraat 54/112;29;2574PN;54;Rustenburg en Oostbroek;Escamp;52.064227595719736; 4.274081925372377;2
Vereniging van Eigenaars Koningin Marialaan 21a tot en met 23d (oneven nummers, exclusief huisnummertoevoeging i en o) te 2595 GA 's-Gravenhage;29;2595GA;21;Bezuidenhout;Haagse Hout;52.083496966380366; 4.334231937161881;1
Vereniging van Eigenaars Hertzogstraat 25a tot en met 55a en Scheepersstraat 77 te 's-Gravenhage;29;2572VS;27;Transvaalkwartier;Centrum;52.06745005928164; 4.29217330323502;3
Vereniging van Eigenaars Hackfortstraat 62 tot en met 118 (even nummers) te 's-Gravenhage;29;2531JK;62;Moerwijk;Escamp;52.04928203911729; 4.3036386277267935;1
Vereniging Van Eigenaren Kompasstraat 53 T/M 79 (Oneven Nrs.)En Hoekerstraat 1 T/M 35 (Oneven Nrs.) Te 'S-Gravenhage;29;2583XJ;1;Scheveningen;Scheveningen;52.103558552101205; 4.270807193176355;2
Vereniging Van Eigenaars Voormalige Oranjekerk Te S Gravenhage;29;2523EC;26;Laakkwartier en Spoorwijk;Laak;52.055776420132894; 4.314681278120402;1
Vereniging Van Eigenaars Van Het Gebouw Gerrit Van Der Veenlaan 175 Tot En Met 237 (Oneven Nummers) Te 'S-Gravenhage;29;2552WH;177;Loosduinen;Loosduinen;52.05546749491922; 4.247891641888198;2
Vereniging Van Eigenaars Van Gebouw Rijswijkseweg/Goudriaankade Te 'S-Gravenhage;29;2516ED;31;Laakkwartier en Spoorwijk;Laak;52.06918384803018; 4.326607933577401;1
Vereniging Van Eigenaars Flatgebouw Soestdijksekade 223 Tot En Met 271 (Oneven) Te 'S-Gravenhage;29;2574AH;223;Leyenburg;Escamp;52.06423953142734; 4.2716444696957625;2
Vereniging Van Eigenaars Flat Castricumplein I Te 'S-Gravenhage;29;2547HZ;2;Leyenburg;Escamp;52.05998821730462; 4.266418861088252;2
"Vereniging Van Eigenaars ""'S-Gravenhoek"" Laan Van Eik En Duinen 5 T/M 65 (Oneven) Te 'S-Gravenhage";29;2564GL;7;Vruchtenbuurt;Segbroek;52.06594724163898; 4.2666684823557075;1
"""Vereniging Van Eigenaars Hunzehof Hengelolaan Ii""";29;2545KB;468;Morgenstond;Escamp;52.047788805032305; 4.2700724953149685;2
Vereniging van eigenaars van het flatgebouw Rigolettostraat 130 tot en met 186 (even nummers) te Den Haag;28;2555VV;130;Waldeck;Loosduinen;52.064471368710464; 4.243852035632254;2
Vereniging van eigenaars Nieuwe Duinweg 26 tot en met 82 (even nummers) te ‘s-Gravenhage.;28;2587AD;26;Scheveningen;Scheveningen;52.107957514696615; 4.289255485483277;1
Vereniging van Eigenaren van der Duynstraat 34 tot en met 98 te 's-Gravenhage;28;2515NK;30;Stationsbuurt;Centrum;52.073070077617075; 4.3181990416975635;2
Vereniging van Eigenaren Tannhäuserstraat 4/52 te 's-Gravenhage;28;2555JP;6;Waldeck;Loosduinen;52.063316232591774; 4.237683475356137;2
Vereniging van Eigenaars Vondelstraat nummers 49 tot en met 107 (oneven) te 's-Gravenhage;28;2513EP;51;Zeeheldenkwartier;Centrum;52.080511400715565; 4.300333218389354;2
Vereniging van Eigenaars Viola te 's-Gravenhage;28;2492JB;125;Leidschenveen;Leidschenveen-Ypenburg;52.06406148609133; 4.403607411828439;1
Vereniging van Eigenaars Van Ostadestraat 190B tot en met 214A (even nummers) te 's-Gravenhage;28;2526GJ;192;Schildersbuurt;Centrum;52.06716547441705; 4.30853958351833;1
Vereniging van Eigenaars Rigolettostraat 5/103 te 's-Gravenhage;28;2555VM;5;Waldeck;Loosduinen;52.06508106459029; 4.2430689235298935;2
Vereniging van Eigenaars Ootmarsumstraat 23 tot en met 81 (oneven nummers) te 's-Gravenhage;28;2541CD;23;Morgenstond;Escamp;52.04679909597646; 4.28430073082776;1
Vereniging van Eigenaars Middachtenweg 216a tot en met 216e, 218a tot en met 218e, 220a tot en met 220e, 222a tot en met 222e en 224a tot en met 224e (even nummers) te 's-Gravenhage;28;2531PG;216;Moerwijk;Escamp;52.048998738489395; 4.30286890271957;2
Vereniging van Eigenaars Kapelaan Meereboerweg, Toren IV, te 's-Gravenhage;28;2552CN;71;Loosduinen;Loosduinen;52.051983349842345; 4.240749268580522;1
Vereniging van Eigenaars Juliana van Stolberglaan 108c tot en met 110e (even nummers, exclusief huisnummertoevoeging i en o) te 2595 CL s-Gravenhage;28;2595CL;108;Bezuidenhout;Haagse Hout;52.08289935533317; 4.334104439689561;1
Vereniging van Eigenaars Juliana van Stolberglaan 106 tot en met 108b (even nummers, exclusief huisnummertoevoeging i en o) te 2595 CL s-Gravenhage;28;2595CL;106;Bezuidenhout;Haagse Hout;52.08272685790073; 4.333612237924038;1
Vereniging van Eigenaars Hengelolaan 541 tot en met 553 (oneven nummers) en Hengelolaan 579 tot en met 633 (oneven nummers) te 's-Gravenhage;28;2544GA;579;Bouwlust/Vrederust;Escamp;52.04522441832545; 4.263330047207673;2
Vereniging Van Eigenaren Cees Laseurlaan/Hoek Theo Mann Bouwmeesterlaan Te 'S-Gravenhage;28;2597GH;291;Benoordenhout;Haagse Hout;52.10593011615597; 4.32762174299509;2
Vereniging Van Eigenaars Van Het Flatgebouw Rigolettostraat 10 T/M 66(Even Nummers)Te 'S-Gravenhage;28;2555VS;10;Waldeck;Loosduinen;52.06503874168879; 4.243517513285274;2
Vereniging Van Eigenaars Van Brakelstraat 2 a t/m h, Witte De Withstraat 31 Tot En Met 45 (Oneven) En Tasman-Straat 3,5 a t/m c,7a t/m e,9a,11a,13a Te 'S-Gravenhage;28;2518VZ;2;Zeeheldenkwartier;Centrum;52.08013443893426; 4.294394301965736;3
Vereniging Van Eigenaars Thorbeckelaan 65 T/M 119a(Oneven Nummers)Te 'S-Gravenhage;28;2564BG;65;Vruchtenbuurt;Segbroek;52.06359545707816; 4.258668886129732;2
Vereniging Van Eigenaars Tannhauserstraat 5 T/M 57 Te 'S-Gravenhage;28;2555JM;3;Waldeck;Loosduinen;52.06349005941066; 4.237764588478648;2
Vereniging Van Eigenaars Stevinstraat 407 Tot En Met 463 (Onevennummers) Te 'S-Gravenhage;28;2587EK;407;Belgisch Park;Scheveningen;52.11124041387797; 4.298856557610614;1
Vereniging Van Eigenaars Steenwijklaan 344 Tot En Met 406(Even Nummers)Te 'S-Gravenhage;28;2541RV;344;Morgenstond;Escamp;52.04229889625266; 4.279154442901877;1
Vereniging Van Eigenaars Steenwijklaan 280 Tot En Met 340(Even Nummers)Te 'S-Gravenhage;28;2541RT;280;Morgenstond;Escamp;52.04271530978538; 4.279814478472138;1
Vereniging Van Eigenaars Soesterbergstraat 125 Tot En Met 199(Oneven);28;2546XR;145;Leyenburg;Escamp;52.06062130859376; 4.279469379808249;2
Vereniging Van Eigenaars Saffierhorst 126 T/M 214 (Even Nrs) Te 'S-Gravenhage;28;2592GN;160;Mariahoeve en Marlot;Haagse Hout;52.09557209258063; 4.356182217120138;1
Vereniging Van Eigenaars Ondersplitsing Hobbemastraat/Rubensstraat (Complex 102 Ge Deeltelijk) Te Den Haag;28;2526JG;75;Schildersbuurt;Centrum;52.06978400439939; 4.305255821920604;2
Vereniging Van Eigenaars Nunspeetlaan 437 483 Uddelstraat 2 12 Te S Gravenhage;28;2573VG;4;Rustenburg en Oostbroek;Escamp;52.0627451962486; 4.287790586154839;3
Vereniging Van Eigenaars Marlot Iv Kornalijnhorst 82 T/M 148 Te 'S-Gravenhage;28;2592HZ;86;Mariahoeve en Marlot;Haagse Hout;52.095813766653144; 4.360754142344068;1
Vereniging Van Eigenaars Kapelaan Meereboerweg Toren Vi Te 7s-Gravenhage;28;2552CR;24;Loosduinen;Loosduinen;52.0527313700176; 4.2402113843349145;1
Vereniging Van Eigenaars Kapelaan Meereboerweg Toren Iii Te 7s-Gravenhage;28;2552CW;72;Loosduinen;Loosduinen;52.052280916141676; 4.241583335968689;1
Vereniging Van Eigenaars Kapelaan Meereboerweg Toren Ii Te 'S-Gravenhage;28;2552CV;8;Loosduinen;Loosduinen;52.05261778757408; 4.2413741035330705;1
Vereniging Van Eigenaars Kapelaan Meereboerweg Toren I Te 'S-Gravenhage;28;2552CS;88;Loosduinen;Loosduinen;52.052956092089346; 4.241158838660544;1
Vereniging Van Eigenaars Kaapseplein Te S Gravenhage;28;2572NJ;170;Transvaalkwartier;Centrum;52.0623152168346; 4.296807319494986;2
Vereniging Van Eigenaars Hobbemastraat Winkelruimte En Woningen Blok 2a;28;2525CM;93;Schildersbuurt;Centrum;52.0684915346297; 4.30039898442079;3
Vereniging Van Eigenaars Frans Halsstraat 63-A Tot En Met 71-B (Oneven Nummers) En Van Der Helststraat 90 Tot En Met 118 (Even Nummers) Te Den Haag;28;2525VV;65;Schildersbuurt;Centrum;52.064665112332676; 4.309207575473587;2
Vereniging Van Eigenaars Charlotte De Bourbonstraat 2-64 (Even) Te S Gravenhage;28;2595VM;2;Bezuidenhout;Haagse Hout;52.07879201890559; 4.332542085047165;1
Vereniging Van Eigenaars Aronskelkweg 2/36 Te 'S-Gravenhage;28;2555GH;2;Bohemen en Meer en Bos;Loosduinen;52.067927142488635; 4.241374316425894;3
Vereniging Van Eigenaars A. Petersweg 1 Tot En Met 29 (Oneven Nummers) En Margaretha Van Hennebergweg 25 Tot En Met 31-A (Onevennummers) Te S Gravenhage;28;2552JZ;1;Loosduinen;Loosduinen;52.049203586494855; 4.238247451517141;3
"""Vereniging van Eigenaars Edison-Energiekwartier Blok D ondersplitsing woningen 2 te 's-Gravenhage";28;2518LB;44;Regentessekwartier;Segbroek;52.074285708444656; 4.2938283504552865;1
"""Vereniging Van Eigenaars Gebouw Tussenstrook Ii Te 'S-Gravenha-Ge, Gelegen Aan De Elandstraat, De Da Costastraat En De Witte Dewithstraat""";28;2513HX;309;Zeeheldenkwartier;Centrum;52.07983599240003; 4.294497779570191;1
vereniging van eigenaars t hoge veen woontoren D te leidschenveen gemeente s gravenhage;27;2492JS;86;Leidschenveen;Leidschenveen-Ypenburg;52.06429375808676; 4.4025030945021255;1
Vereniging van eigenaars Residentie Aloysius te 's-Gravenhage;27;2596JP;42;Benoordenhout;Haagse Hout;52.09707990340745; 4.310753750732242;1
Vereniging van Eigenaren Rembrandtstraat 260 Tot En Met 280 (Even Nummers) En Hobbemastraat 25 Tot En Met 67 (Oneven Nummers);27;2526JE;27;Schildersbuurt;Centrum;52.07011055709309; 4.306315410074145;3
Vereniging van Eigenaars Werf07 te Den Haag;27;2583DX;220;Scheveningen;Scheveningen;52.09544713495783; 4.2625427816621455;1
Vereniging van Eigenaars Verwoldestraat 64 tot en met 120 (even nummers) te 's-Gravenhage;27;2531HR;64;Moerwijk;Escamp;52.04959438965237; 4.304471283538314;1
Vereniging van Eigenaars Mgr. Nolenslaan te 's-Gravenhage;27;2555XZ;12;Waldeck;Loosduinen;52.06406313595717; 4.249418924267323;1
Vereniging van Eigenaars Marlot III (Kornalijnhorst 2 tot en met 68) te 's-Gravenhage;27;2592HX;6;Mariahoeve en Marlot;Haagse Hout;52.09622990813546; 4.36038406461297;1
Vereniging van Eigenaars Marcelisstraat 200-224 en Badhuiskade 100-116 te 's-Gravenhage;27;2586EP;100;Scheveningen;Scheveningen;52.10670119099407; 4.2790313943879275;2
Vereniging van Eigenaars Kaapstraat 114 tot en met 146 (even nummers), Boerenstraat 62, 64 en 66 en Bloemfonteinstraat 117 tot en met 133 (oneven nummers) te 's-Gravenhage;27;2572HX;62;Transvaalkwartier;Centrum;52.06397697227819; 4.295150169980911;4
Vereniging van Eigenaars Haagse Grandeur II te 's Gravenhage;27;2562PA;7;Valkenboskwartier;Segbroek;52.07130948400364; 4.283187226616567;3
Vereniging van Eigenaars Burgersdijkstraat 25 tot en met 75 (oneven) te 's-Gravenhage;27;2522WC;25;Laakkwartier en Spoorwijk;Laak;52.06024554148267; 4.3215002945350545;2
Vereniging van Eigenaars Breitnerlaan 231 tot en met 311 (oneven nummers) en Pieter Meinerstraat 39 tot en met 77 (oneven nummers) te 's-Gravenhage;27;2596GZ;233;Benoordenhout;Haagse Hout;52.09482995490033; 4.331258306589863;2
Vereniging Van Ondereigenaren Toren A Lage Veld Gelegen Aan De Middenweg Te Wateringen;27;2548VD;128;Wateringse Veld;Escamp;52.020274890340225; 4.297935946676842;1
Vereniging Van Eigenaren Van Reesstraat 46 T/M 98 (Even Nrs) Te 'S-Gravenhage;27;2593PR;46;Bezuidenhout;Haagse Hout;52.08493838469907; 4.3458299107161835;2
Vereniging Van Eigenaren V Heutszstr 76 110 En Ijsclubweg 2 18 Te S Gravenhage;27;2593HJ;2;Bezuidenhout;Haagse Hout;52.08424651351619; 4.348723153621026;2
Vereniging Van Eigenaren Laan Van Clingendael 100 T/M 162 En Breitnerlaan 376 T/M 398 Te 'S-Gravenhage;27;2597CG;100;Benoordenhout;Haagse Hout;52.09590072241129; 4.333154192683459;2
Vereniging Van Eigenaren Gebouw Wolweversgaarde 104 T/M 164 (Even) Te 'S-Gravenhage;27;2542AV;104;Bouwlust/Vrederust;Escamp;52.04047981636313; 4.271014628543474;2
Vereniging Van Eigenaars Zeehelden Midden Gelegen Te 'S-Gravenhage Aan De Witte De Withstraat 89 Tot En Met 117 (Oneven Nummers);27;2518TK;3;Zeeheldenkwartier;Centrum;52.079330729047136; 4.292561316389359;3
Vereniging Van Eigenaars Paganinistraat 42 T/M 102 Te 'S-Gravenhage;27;2551MC;44;Waldeck;Loosduinen;52.06312731438629; 4.244033730320229;2
Vereniging Van Eigenaars Oudemansstraat 55 T/M 103 En Isingstraat 119 En 119a Te 'S-Gravenhage;27;2522SC;55;Laakkwartier en Spoorwijk;Laak;52.06265309464783; 4.325106120622867;3
Vereniging Van Eigenaars Kornalijnhorst 418/480 Te 'S-Gravenhage;27;2592JG;420;Mariahoeve en Marlot;Haagse Hout;52.09454363640989; 4.361784784845569;2
Vereniging Van Eigenaars Koningin Marialaan 6 T/M 60 & Helena- Straat 1/9 (Oneven) Te 'S-Gravenhage;27;2595HA;1;Bezuidenhout;Haagse Hout;52.0857614245062; 4.333274740003145;3
Vereniging Van Eigenaars Kapelaan Meereboerweg Toren V;27;2552CM;7;Loosduinen;Loosduinen;52.052394837439586; 4.240418284570558;1
Vereniging Van Eigenaars Jan Van Nassaustraat 45, 45a tm 45h, 45k tm 45n, 47, 47a tm 47h, 47k tm 47n en 47p te s-Gravenhage;27;2596BN;45;Benoordenhout;Haagse Hout;52.088530952745074; 4.318209463550577;1
Vereniging Van Eigenaars Hunzehof Hengelolaan I;27;2545KA;410;Morgenstond;Escamp;52.0480547313135; 4.270645090238883;2
Vereniging Van Eigenaars Hage Hoek Ii;27;2552HK;3;Loosduinen;Loosduinen;52.06154193303461; 4.259234641819646;2
Vereniging Van Eigenaars Gedempte Burgwal 16, 16b Tot En Met 18g, 18, 18a Tot En Met 18e, 20, 20a En 20b En Wagenstraat 85, 85a Tot En Met M Te 'S-Gravenhage;27;2512BT;16;Centrum;Centrum;52.07517425316877; 4.311970423242531;3
Vereniging Van Eigenaars Gebouw Nimbus Gelegen Aan De Athenesingel Te 'S-Gravenhage;27;2548TJ;112;Wateringse Veld;Escamp;52.022902584474274; 4.288382703013965;1
Vereniging Van Eigenaars Flatgebouw Vernieuwde Uitleg Te S Gravenhage;27;2514BP;6;Centrum;Centrum;52.08353734491761; 4.3156420523452415;1
Vereniging Van Eigenaars De Wildernisse I Te 'S-Gravenhage;27;2517LA;7;Zorgvliet;Scheveningen;52.09461938588814; 4.286928395931986;1
Vereniging Van Eigenaars Boerhaavestraat 97 Tot En Met 167 (Onevennummers).;27;2516GS;97;Laakkwartier en Spoorwijk;Laak;52.06946537041101; 4.327395522540331;2
VVE 'S-Gravenzandelaan 51 Tot En Met 81 (Oneven Nummers) En Jacobastraat 2,2a,2b En 2c Te 'S-Gravenhage;27;2512JA;2;Schildersbuurt;Centrum;52.0720018215953; 4.298313664956832;3
Vereniging van eigenaars gebouw Willemstraat hoek Kazernestraat te 's-Gravenhage;26;2514HM;20;Centrum;Centrum;52.08329714770125; 4.309810165097152;3
Vereniging van eigenaars Tasmanstraat 133, 133-A tot en met 133-H, 133-J tot en met 133-N, 135, 135-A tot en met 135-H, 135-J tot en met 135-L te 's-Gravenhage;26;2518VM;133;Zeeheldenkwartier;Centrum;52.08201605822163; 4.292384610494526;1
Vereniging van eigenaars Driebergenstraat 258 tot en met 310 (even nummers) en Bunnikstraat te 's-Gravenhage;26;2546BS;258;Leyenburg;Escamp;52.057967519392115; 4.2744228385354655;1
Vereniging van Eigenaars Woningen Gebouw A Julia's Park aan de Thérèse Schwartzestraat te Den Haag;26;2597XK;99;Benoordenhout;Haagse Hout;52.09749762509461; 4.336828392062572;1
Vereniging van Eigenaars Jozef Israëlsplein 9 tot en met 34-A;26;2596AT;9;Benoordenhout;Haagse Hout;52.090907405781785; 4.318718116403311;1
Vereniging van Eigenaars De Genestetlaan 316, 318 en 322 te 's-Gravenhage;26;2522DT;269;Laakkwartier en Spoorwijk;Laak;52.05610212379256; 4.325085513833927;2
"Vereniging van Eigenaars ""De Reder Het Vervolg"" aan de Dr. Lelykade/Koppelstokstraat te 's-Gravenhage";26;2583CB;27;Scheveningen;Scheveningen;52.09637741985182; 4.268972339699811;2
Vereniging Van Eigenaren Wolweversgaarde 2/96 Te 'S-Gravenhage;26;2542AT;8;Bouwlust/Vrederust;Escamp;52.03965616445292; 4.272403238776239;2
Vereniging Van Eigenaars Woontoren Praagsingel;26;2548TT;77;Wateringse Veld;Escamp;52.02467226360316; 4.295802319761636;1
Vereniging Van Eigenaars Steve Bikostraat 1/Jan Palachstraat 15/Jan Palachkade 29/Salvador Allendestraat 78 Te S Gravenhage;26;2552NG;29;Loosduinen;Loosduinen;52.06066727643339; 4.256499884042649;2
Vereniging Van Eigenaars Rossinilaan 475/531 Te 'S-Gravenhage;26;2551MZ;475;Waldeck;Loosduinen;52.060977987532056; 4.243004629548741;1
Vereniging Van Eigenaars Orveltestraat 40 Tot En Met 69 Te S Gravenhage;26;2545KG;42;Morgenstond;Escamp;52.0499292567568; 4.271212787224765;1
Vereniging Van Eigenaars Margarethaland Iv Te 'S-Gravenhage;26;2591VC;371;Mariahoeve en Marlot;Haagse Hout;52.0931078566471; 4.370112673788768;1
Vereniging Van Eigenaars Kockstraat 209 Tot En Met 235 En Christiaan De Wetstraat 14 Tot En 40 Te S Gravenhage;26;2571TS;14;Transvaalkwartier;Centrum;52.0693090736477; 4.287561741938625;2
Vereniging Van Eigenaars Klaverflat Hengelolaan Te 'S-Gravenhage;26;2545KH;77;Morgenstond;Escamp;52.0504156595739; 4.271473664290424;1
Vereniging Van Eigenaars Jacob Catsstraat 12 Tot En Met 66 Even;26;2515GL;12;Schildersbuurt;Centrum;52.07094137571504; 4.310114394681563;2
Vereniging Van Eigenaars Hage Hoek I;26;2552HK;4;Loosduinen;Loosduinen;52.06145382026923; 4.25903332503426;2
Vereniging Van Eigenaars Gebouw Hemelwater, Praagsingel Te Den Haag;26;2548RJ;6;Wateringse Veld;Escamp;52.02392005157475; 4.29337229624674;1
Vereniging Van Eigenaars Gebouw Hemelwater Athenesingel Te Den Haag;26;2548RK;5;Wateringse Veld;Escamp;52.02333606165561; 4.29216520785355;1
Vereniging Van Eigenaars Fase 3 Van Gebouw Hooftskade 1/Hoek Koningstraat 1 Te 'S-Gravenhage;26;2526KA;29;Schildersbuurt;Centrum;52.071057904665814; 4.311082170677715;1
Vereniging Van Eigenaars Embassy Gardens;26;2517JN;14;Zorgvliet;Scheveningen;52.087203974815324; 4.283553988254961;1
Vereniging Van Eigenaars Duindorpbrug, Kranenburgweg Te 'S-Gravenhage;26;2581XS;93;Geuzen- en Statenkwartier;Scheveningen;52.091899391738615; 4.265931055000731;1
Vereniging Van Eigenaars De Genestetlaan 125 T/M 139 (Oneven) Jonckbloetplein 45 T/M 60, Goeverneurlaan 418 T/M 432 ( Even) Te 'S-Gravenhage;26;2523AT;45;Laakkwartier en Spoorwijk;Laak;52.05814769244854; 4.321226846413096;3
Vereniging Van Eigenaars Appartementengebouw Waalsdorperstaete Te 'S-Gravenhage;26;2597KP;419;Benoordenhout;Haagse Hout;52.10551833922183; 4.322178196237083;1
vereniging van eigenaars sophiahof te s gravenhage;25;2586BB;19;Scheveningen;Scheveningen;52.10888296362337; 4.277964981832521;1
vereniging van eigenaars duinstrip blok 3;25;2583NM;88;Duindorp;Scheveningen;52.08949763592956; 4.254802635384659;3
vereniging van eigenaars Haagse Grandeur I te 's-Gravenhage;25;2571AL;665;Valkenboskwartier;Segbroek;52.071070577195925; 4.283542813292559;1
Vereniging van ondereigenaars woningen Scheldestraat/Adriaan Vlacqstraat Eden te  's-Gravenhage;25;2515XV;4;Stationsbuurt;Centrum;52.07583820597414; 4.325489320944795;2
Vereniging van Eigenaars Geysterenweg te 's-Gravenhage;25;2532TV;144;Moerwijk;Escamp;52.04645079660399; 4.298368984672139;2
Vereniging Van Eigenaren Flatgebouw Arendsburg Te 'S-Gravenhage;25;2596EA;102;Benoordenhout;Haagse Hout;52.0940981547486; 4.322643986348974;1
Vereniging Van Eigenaars Zilverreiger;25;2492PP;1;Leidschenveen;Leidschenveen-Ypenburg;52.064888942561886; 4.417885954341073;1
Vereniging Van Eigenaars Woningen Voormalige Bibliotheek Bilderdijkstraat Te 'S-Gravenhage;25;2513CM;7;Zeeheldenkwartier;Centrum;52.08025033179903; 4.302383513602264;1
Vereniging Van Eigenaars Vreeswijkstraat 363 Tot En Met 411 Oneven Nummers Te S Gravenhage;25;2546AL;363;Leyenburg;Escamp;52.05769658991286; 4.27564063329939;2
Vereniging Van Eigenaars Pijlstaartplein 39/63;25;2492PD;39;Leidschenveen;Leidschenveen-Ypenburg;52.067067994836464; 4.415689929246032;1
Vereniging Van Eigenaars Menno Ter Braakstraat 106 Tot En Met 154 (Even Nummers) Te 'S-Gravenhage (Canninnefaten Ii);25;2548EB;106;Wateringse Veld;Escamp;52.035359484100375; 4.273374992058899;1
Vereniging Van Eigenaars Delta I;25;2492TM;28;Leidschenveen;Leidschenveen-Ypenburg;52.0584165652197; 4.4215703980570895;1
Vereniging Van Eigenaars Boele Van Hensbroekstraat 55-77 (Oneven) Linnaeusstraat 119-141 (Oneven) Te 'S-Gravenhage;25;2522HK;55;Laakkwartier en Spoorwijk;Laak;52.05868065433408; 4.327289150368829;3
Vereniging Van Eigenaars Appartementencomplex Pexloo Te 'S-Gravenhage Gevestigd Te 'S-Gravenhage;25;2565AG;54;Bomen- en Bloemenbuurt;Segbroek;52.073961932352375; 4.253051856692151;1
Vereniging Van Eigenaars 2e Van Blankenburgstraat 109 En Hollanderstraat 16 Te 'S-Gravenhage;25;2517HK;16;Duinoord;Scheveningen;52.084232916914445; 4.282651679382803;2
"""Vereniging Van Eigenaars Aquahorizonte I Te Leidschenveen""";25;2492TV;15;Leidschenveen;Leidschenveen-Ypenburg;52.06106230188081; 4.418403238866208;1
Vereniging van eigenaars lonnekerstraat 10 t/m 62 (even nummrs) te ,s-gravenhage;24;2541TT;10;Morgenstond;Escamp;52.050028242070006; 4.2758297421843405;1
"Vereniging van eigenaars flatgebouw ""Leyenhove"" Leyweg 600 tot en met 652 (even nummers) te 's-Gravenhage";24;2545GN;600;Morgenstond;Escamp;52.053198899341595; 4.271194348575789;1
"Vereniging van eigenaars ""Verisstraat 158 tot en met 212 (even nummers)"" te 's-Gravenhage";24;2521CS;166;Laakkwartier en Spoorwijk;Laak;52.06203828230351; 4.3130014856390435;1
Vereniging van Ondereigenaars Jonkersdreef 1 t/m 53 (oneven nummers) te 's-gravenhage;24;2542XB;1;Bouwlust/Vrederust;Escamp;52.033030615868874; 4.261897431560624;1
Vereniging van Ondereigenaars Gebouw Drostendreef 1 tot en met 53 (oneven nummers) te 's-Gravenhage;24;2542VX;1;Bouwlust/Vrederust;Escamp;52.033690058059406; 4.263352589544268;1
Vereniging van Ondereigenaars Gebouw Beresteinlaan 637 tot en met 689 (oneven nummers) te 's-Gravenhage;24;2542JS;637;Bouwlust/Vrederust;Escamp;52.034348488923364; 4.264807305236704;1
Vereniging van Eigenaren Lübeckstraat 7 tot en met 23 en Stadhoudersplantsoen 32 tot en met 62 te 's-Gravenhage;24;2517SL;7;Duinoord;Scheveningen;52.08637017540231; 4.280059966354755;2
Vereniging van Eigenaren Koningin Marialaan 136 tot en met 200 (even nummers) te 's-Gravenhage;24;2595GE;142;Bezuidenhout;Haagse Hout;52.083828585484326; 4.335001662984158;1
Vereniging van Eigenaren Jan Hendrikstraat nummers 50 tot en met 78 (even nummers), Prinsegracht 7, 9 en 11 en Laan 12 tot en met 18 (even nummers);24;2512EW;7;Centrum;Centrum;52.07572254852922; 4.307724845892454;3
Vereniging van Eigenaren Beethovenlaan 101 tot en met 153 te 's-Gravenhage;24;2551KC;101;Waldeck;Loosduinen;52.05821490414527; 4.228216950540011;2
Vereniging van Eigenaren Aronskelkweg 106/160 te 's-Gravenhage;24;2555GP;108;Bohemen en Meer en Bos;Loosduinen;52.06676652911279; 4.237570232541367;2
Vereniging van Eigenaars woningen Stadhoudersplantsoen 68 tot en met 90 (even nummers) en Lübeckstraat 29 tot en met 51 (oneven nummers) te 's-Gravenhage;24;2517SL;29;Duinoord;Scheveningen;52.086083743361634; 4.2794032901087276;2
Vereniging van Eigenaars van Flatgebouw Leyweg 705 tot en met 759;24;2545GM;713;Morgenstond;Escamp;52.04722645101287; 4.277833264298853;1
Vereniging van Eigenaars ondersplitsing gebouw Chopinstraat 4 tot en met 56 (even nummers) te 's-Gravenhage;24;2551SW;4;Waldeck;Loosduinen;52.05533484769968; 4.235712963189849;2
Vereniging van Eigenaars ondersplitsing gebouw Aaltje Noordewierstraat 332 tot en met 386 (even nummers) te 's-Gravenhage;24;2551SM;334;Waldeck;Loosduinen;52.05511611181187; 4.234363940260439;2
Vereniging van Eigenaars Tollensstraat 53 en 55, Vondelstraat 1 tot en met 47 (oneven) en Bilderdijkstraat 40 te 's-Gravenhage;24;2513EN;1;Zeeheldenkwartier;Centrum;52.08047746604327; 4.301493236384199;2
Vereniging van Eigenaars Schwerinkade 1 tot en met 29, 29A tot en met 29G en 30 te 2552 RN 's-Gravenhage;24;2552RN;1;Loosduinen;Loosduinen;52.05088340065446; 4.236636368479681;2
Vereniging van Eigenaars Pieter Meinersstraat nummers 2 tot en met 58 te 's-Gravenhage;24;2597VL;2;Benoordenhout;Haagse Hout;52.093926962988654; 4.331783346566589;1
Vereniging van Eigenaars Maartensdijklaan 463 tot en met 515 (oneven nummers) te 's-Gravenhage;24;2541VA;463;Morgenstond;Escamp;52.051083860402855; 4.276850305128859;1
Vereniging van Eigenaars Loosdrechtsestraat 2/48;24;2574PM;2;Rustenburg en Oostbroek;Escamp;52.064465063208964; 4.274839541972978;2
Vereniging van Eigenaars Lonnekerstraat 5 tot en met 57 (oneven nrs);24;2541TS;5;Morgenstond;Escamp;52.050233370004214; 4.276214024528451;1
Vereniging van Eigenaars Laan van Meerdervoort 950 tot en met 998 te 's-Gravenhage;24;2564AV;950;Vruchtenbuurt;Segbroek;52.06844241625431; 4.249744283382182;1
Vereniging van Eigenaars Hengelolaan 118 tot en 170 (even nrs);24;2545JS;118;Morgenstond;Escamp;52.05079173552003; 4.2763034353421085;1
Vereniging van Eigenaars Groen van Prinstererlaan II (Groen van Prinstererlaan 118 tot en met 192 (even nummers) te 's-Gravenhage);24;2555HV;138;Waldeck;Loosduinen;52.06527332609035; 4.244955613573802;2
Vereniging van Eigenaars Gramsbergenlaan 74 tot en met 126 (oneven) te 2541 AM te 's-Gravenhage;24;2541AM;74;Morgenstond;Escamp;52.05284759821638; 4.2737443032386855;1
Vereniging van Eigenaars Gramsbergenlaan 55 tot en 107 (oneven) te 2541 AG te 's-Gravenhage;24;2541AG;55;Morgenstond;Escamp;52.05324001801119; 4.2732722969706485;1
Vereniging van Eigenaars Dodaarsoever 17/63 Te Leidschendam;24;2492RZ;17;Leidschenveen;Leidschenveen-Ypenburg;52.06329712038954; 4.419903434849275;1
Vereniging van Eigenaars Catharinaland 77 tot en met 129 (oneven nummers) te 's-Gravenhage;24;2591CG;77;Mariahoeve en Marlot;Haagse Hout;52.094357589196235; 4.366562682868761;2
Vereniging van Eigenaars Catharinaland 303 tot en met 355 (oneven nummers) te 's-Gravenhage;24;2591CM;303;Mariahoeve en Marlot;Haagse Hout;52.09409824084833; 4.368965341930208;1
Vereniging van Eigenaars Catharinaland 247 tot en met 299 (oneven nummers) te 's-Gravenhage;24;2591CL;247;Mariahoeve en Marlot;Haagse Hout;52.094363376811664; 4.368403473484736;1
Vereniging van Eigenaars Catharinaland 19 tot met 73 (oneven nummers) te 's-Gravenhage;24;2591CE;21;Mariahoeve en Marlot;Haagse Hout;52.094136434145376; 4.365954784136875;2
Vereniging van Eigenaars Catharinaland 189 tot en met 243 (oneven nummers) te 's-Gravenhage;24;2591CK;191;Mariahoeve en Marlot;Haagse Hout;52.094542511519755; 4.367900343394386;1
Vereniging van Eigenaars Catharinaland 133 tot en met 185 (oneven nummers) te 's-Gravenhage;24;2591CH;133;Mariahoeve en Marlot;Haagse Hout;52.09453879662481; 4.367198745478521;2
Vereniging van Eigenaars Bouwlustlaan 4- 56 (even nummers) te s Gravenhage;24;2544JT;4;Bouwlust/Vrederust;Escamp;52.04517554480058; 4.255954745520355;1
Vereniging Van Eigenaren: Van Trigtstraat 80 T/M 134 ( Even) En Breitnerlaan 426 Te'S-Gravenhage;24;2597XB;80;Benoordenhout;Haagse Hout;52.096411653196775; 4.334476312076658;1
Vereniging Van Eigenaren West End I.Groen Van Prinstererlaan 149-233 Te 'S-Gravenhage;24;2555HN;181;Waldeck;Loosduinen;52.06469540014277; 4.244455365677751;3
Vereniging Van Eigenaren Wantsnijdersgaarde 549-601 Te 'S-Gravenhage;24;2542GM;549;Bouwlust/Vrederust;Escamp;52.03467025322269; 4.266327388032565;2
Vereniging Van Eigenaren Wantsnijdersgaarde 495 T/M 547 Te 'S-Gravenhage;24;2542GL;495;Bouwlust/Vrederust;Escamp;52.03486588035793; 4.266724340774766;2
Vereniging Van Eigenaren Van Kijfhoeklaan 47 T/M 107 ( Oneven) Te 'S-Gravenhage;24;2597TB;53;Benoordenhout;Haagse Hout;52.103341457023284; 4.322222489169198;2
Vereniging Van Eigenaren Van Diepenburchstraat 122 T/M 168(Even)Te 'S-Gravenhage;24;2597PX;122;Benoordenhout;Haagse Hout;52.1005526540819; 4.313416682932543;2
Vereniging Van Eigenaren Van Der Veldestraat 36 T/M 80 ( Even) Te 'S-Gravenhage;24;2525AW;36;Schildersbuurt;Centrum;52.06907315325647; 4.298208015876474;2
Vereniging Van Eigenaren Van Alkemadelaan 624 T/M 678 .Bronovolaan 17 19 Te 'S-Gravenhage;24;2597AW;626;Benoordenhout;Haagse Hout;52.10283791995366; 4.318256367340502;1
Vereniging Van Eigenaren Sportlaan 914 T/M 960 (Even) Te 'S-Gravenhage;24;2566NC;914;Bomen- en Bloemenbuurt;Segbroek;52.07907876823363; 4.258128548172484;2
Vereniging Van Eigenaren Sportlaan 1082 T/M 1128 (Even Nrs.) Te 'S-Gravenhage;24;2566NJ;1082;Bomen- en Bloemenbuurt;Segbroek;52.078383057475705; 4.256442745167199;2
Vereniging Van Eigenaren Nirwanaflat Te 'S-Gravenhage;24;2596BE;227;Benoordenhout;Haagse Hout;52.092333762207424; 4.329325895296562;1
Vereniging Van Eigenaren Meppelweg 202 Tot En Met 254 En Leyweg 375-377-379 Te 'S-Gravenhage;24;2544BE;202;Morgenstond;Escamp;52.05320560829834; 4.270505253621196;1
Vereniging Van Eigenaren Meppelweg 152 Tot En Met 200 Te 'S-Gravenhage;24;2544BD;152;Morgenstond;Escamp;52.053683317452574; 4.271493407473801;1
Vereniging Van Eigenaren Leyweg 597 T/M 665 (Oneven) Te 'S-Gravenhage;24;2545GJ;599;Morgenstond;Escamp;52.04870324806988; 4.275618538174431;2
Vereniging Van Eigenaren Laan Van Clingendael 101 T/M 157 En Breitnerlaan 402 Tot En Met 424 Te 'S-Gravenhage;24;2597CC;101;Benoordenhout;Haagse Hout;52.09618466110692; 4.333868533133902;1
Vereniging Van Eigenaren Juliana Van Stolberglaan 158/210 Te 'S-Gravenhage;24;2595CM;158;Bezuidenhout;Haagse Hout;52.084270372971424; 4.339700416209754;1
Vereniging Van Eigenaren Flatgebouw Van Montfoortlaan 34 T/M 56 ( Even Nummers) Te 'S-Gravenhage;24;2596SR;10;Benoordenhout;Haagse Hout;52.098166165526045; 4.3204756870394565;2
Vereniging Van Eigenaren De Savornin Lohmanlaan 81/105-Ridderspoorweg 258/282 Te S Gravenhage;24;2566AK;83;Bohemen en Meer en Bos;Loosduinen;52.069663225092654; 4.244099894204734;2
Vereniging Van Eigenaars Woningen Stadhoudersplantsoen 92 T/M 114 (Even) En Lubeckstraatstraat 53 T/M 75 (Oneven) Te 'S-Gra- Venhage;24;2517SM;53;Duinoord;Scheveningen;52.085812106261315; 4.278675284405238;2
Vereniging Van Eigenaars Woningen Hannemanplantseon 50 Tot En Met 78 En Stallinggarage J Jordaensstraat 5/Hannemanstraat 39 Te 'S-Gravenhage;24;2526LE;51;Schildersbuurt;Centrum;52.068698062967925; 4.3099628442694895;1
Vereniging Van Eigenaars Woning/Parkeergebouw Bazarlaan 20 En 22, De Ruyterstraat 19 En 21 En Het Dorus Rijkersplein 25 Tot En Met 95 (Doorlopend) En 101 Tot En Met 171 (Doorlopend) Te S Gravenhage En;24;2518DA;27;Zeeheldenkwartier;Centrum;52.08382118087176; 4.301944483898788;6
Vereniging Van Eigenaars Van Het Flatgebouw Zwedenburg 113 T/M 155 En 159 T/M 163 (Oneven) En Walenburg 1 T/M 17 ( Oneven) Te 'S-Gravenhage;24;2591BR;3;Mariahoeve en Marlot;Haagse Hout;52.09224597369027; 4.361951755597551;2
Vereniging Van Eigenaars Van Bleiswijkstraat 65 T/M 119 'S-Gravenhage;24;2582LA;65;Geuzen- en Statenkwartier;Scheveningen;52.09504319251464; 4.282063999220554;2
Vereniging Van Eigenaars Vaillantlaan/Hoek Hoefkade/Hoek Stortenbekerstraat;24;2525LA;491;Schildersbuurt;Centrum;52.06506310913188; 4.305835030810522;1
Vereniging Van Eigenaars Steenwijklaan 226 Tot En Met 278(Even Nummers) Te 'S-Gravenhage;24;2541RS;226;Morgenstond;Escamp;52.043100370353095; 4.280554309415392;1
Vereniging Van Eigenaars Steenwijklaan 172 Tot En Met 224(Even Nummers)Te 'S-Gravenhage;24;2541RR;172;Morgenstond;Escamp;52.0434812541546; 4.281286355247948;1
Vereniging Van Eigenaars Smaragdhorst 79/153 En Opaalhorst 2/12 Te 'S-Gravenhage;24;2592RH;79;Mariahoeve en Marlot;Haagse Hout;52.09700640523388; 4.357587173650517;1
Vereniging Van Eigenaars Smaragdhorst 157/233 Te 'S-Gravenhage;24;2592RJ;157;Mariahoeve en Marlot;Haagse Hout;52.0973073661762; 4.358028021916046;1
Vereniging Van Eigenaars Schipborgstraat 1 Tot En Met 55(Oneven Nummers) Te 'S-Gravenhage;24;2541PL;1;Morgenstond;Escamp;52.04175096307624; 4.2803394459208075;1
Vereniging Van Eigenaars Saffierhorst 50 T/M 124 ( Even Nummers) En Parelmoerhorst Te 'S-Gravenhage;24;2592GM;78;Mariahoeve en Marlot;Haagse Hout;52.09528588032284; 4.355678318218018;1
Vereniging Van Eigenaars Saffierhorst 2 T/M 48 ( Even Nrs) Parelmoerhorst 1 T/M 25 ( Oneven Nrs) Te 'S-Gravenhage;24;2592GL;2;Mariahoeve en Marlot;Haagse Hout;52.0950219807464; 4.3551431758379575;1
Vereniging Van Eigenaars Rossinilaan 6 Tot En Met 56 (Even Nummers) Te 'S-Gravenhage;24;2551MG;8;Waldeck;Loosduinen;52.063515633308754; 4.243778232123207;1
Vereniging Van Eigenaars Ridderspoorweg 232/254 En De Savornin Lohmanlaan 55/77 Te 'S-Gravenhage;24;2566AJ;55;Bohemen en Meer en Bos;Loosduinen;52.06941510008474; 4.244441123956285;2
Vereniging Van Eigenaars Ridderspoorweg 206/228 En De Savornin Lohmanlaan 29/51 Te 'S-Gravenhage;24;2566AH;29;Bohemen en Meer en Bos;Loosduinen;52.06909701713779; 4.2447984301535655;2
Vereniging Van Eigenaars Residentie Clingendael Ii Aan De Therese Schwartzestraat Te 'S-Gravenhage;24;2597SP;6;Benoordenhout;Haagse Hout;52.09654274495569; 4.338614597809703;1
Vereniging Van Eigenaars Residentie Clingendael I Aan De Thereseschwartzestraat Te 'S-Gravenhage;24;2597ST;95;Benoordenhout;Haagse Hout;52.0970742438939; 4.338883268346955;1
Vereniging Van Eigenaars Rembrandtstraat 79 Tot En Met 129 (Oneven Nummers) Te S Gravenhage;24;2526PP;79;Schildersbuurt;Centrum;52.07046265997674; 4.304704496977144;2
Vereniging Van Eigenaars Muurbloemweg 87 T/M 133 Te 'S-Gravenhage;24;2555ND;87;Bohemen en Meer en Bos;Loosduinen;52.06762449010067; 4.233099976961726;2
Vereniging Van Eigenaars Monnikendamplein 10 T/M 33 Te 'S-Gravenhage;24;2547CT;10;Leyenburg;Escamp;52.062863456041946; 4.270754739754371;2
Vereniging Van Eigenaars Mariastraat 38 T/M 92 (Even Nr) Te 'S-Gravenhage;24;2595GN;38;Bezuidenhout;Haagse Hout;52.084474774931934; 4.33673571997085;2
Vereniging Van Eigenaars Lubeckstraat 83 T/M 99 (Oneven Nrs.) En Stadhoudersplantsoen 118 T/M 148 (Even Nrs.) Te 'S-Gravenhage;24;2517SN;83;Duinoord;Scheveningen;52.08559155302514; 4.278164623106917;3
Vereniging Van Eigenaars Leyweg Nummers 176 T/M 222 (Even);24;2545EA;176;Leyenburg;Escamp;52.05858589028855; 4.264776320055107;1
Vereniging Van Eigenaars Leyweg 452-496 ( Even Nummers) En Benschoplaan 52-54 Te 'S-Gravenhage;24;2546RJ;54;Leyenburg;Escamp;52.05568004156917; 4.268369507546873;3
Vereniging Van Eigenaars Landrestraat 997 T/M 1065(Oneven Nrs) Te 'S-Gravenhage;24;2551BP;1005;Waldeck;Loosduinen;52.058422328532465; 4.227049780180018;2
Vereniging Van Eigenaars Hoge Zand Praag;24;2512EM;48;Centrum;Centrum;52.07292767149983; 4.307289402544257;1
Vereniging Van Eigenaars Hobbemastraat Kop 9, Gelegen Te 'S-Gravenhage Aan De Hobbemastraat, Van Der Neerstraat En Brueghelstraat;24;2525RB;95;Schildersbuurt;Centrum;52.068166899988384; 4.301430698727237;4
Vereniging Van Eigenaars Hobbemastraat 4 Tot En Met 32 (Even Nummers) Hoek Van Ravesteinstraat 4 Te 'S-Gravenhage;24;2526JN;8;Schildersbuurt;Centrum;52.07047524432409; 4.307961166303771;2
Vereniging Van Eigenaars Harmelenstraat 12 T/M 58 Te 'S-Gravenhage;24;2546ED;12;Leyenburg;Escamp;52.05842519290395; 4.270404408335714;2
Vereniging Van Eigenaars Groothandelsmarkt Te 'S-Gravenhage;24;2525JR;204;Groente- en Fruitmarkt;Centrum;52.06006343163899; 4.297005514733837;1
Vereniging Van Eigenaars Groen Van Prinstererlaan 58 Tot En Met 68,72 Tot En Met 94,98 Tot En Met 108,110 Tot En Met 116 En Treublaan 10 Tot En Met 24 Te 'S-Gravenhage;24;2555HS;58;Waldeck;Loosduinen;52.06567906131415; 4.244824627196666;2
Vereniging Van Eigenaars Flatgebouw Vijzelstraat 44/96 (Even Nummers) Te 'S-Gravenhage;24;2584GP;44;Scheveningen;Scheveningen;52.10414332426552; 4.281606589481013;2
Vereniging Van Eigenaars Fase 2 Van Gebouw Hooftskade 1/Hoek Koningstraat 1 Te 'S-Gravenhage;24;2526KA;28;Schildersbuurt;Centrum;52.07134331384993; 4.311223750694181;2
Vereniging Van Eigenaars Escamplaan 743 Tot En Met 823 (Oneven Nummers) Te 'S-Gravenhage;24;2547EJ;767;Leyenburg;Escamp;52.059185921595564; 4.265042450537353;1
Vereniging Van Eigenaars Escamplaan 193/239 (Oneven) Te 'S-Gravenhage;24;2547GE;193;Leyenburg;Escamp;52.06310489488919; 4.272151624928621;1
Vereniging Van Eigenaars Edamstraat 111 tot en met 179 (oneven nummers);24;2547VP;133;Leyenburg;Escamp;52.06051302196657; 4.264577463521188;1
Vereniging Van Eigenaars Castricumplein 40, 41, 42, 43, 44, 45 En 47 En Escamplaan 687 Tot En Met 739 (Oneven Nummers) Te 'S-Gravenhage;24;2547EG;687;Leyenburg;Escamp;52.059303475223935; 4.2652262317487155;1
Vereniging Van Eigenaars Appartementengebouw Bellevue;24;2496TJ;2;Ypenburg;Leidschenveen-Ypenburg;52.04195843241093; 4.3723404178548835;1
Vereniging Van Eigenaars 'S-Gravenduyn Blok 5.0 Aan De Groningsestraat Te 'S-Gravenhage;24;2587PA;37;Belgisch Park;Scheveningen;52.11438560509927; 4.287900613966326;1
"Vereniging Van Eigenaars ""Toppereend""";24;2492NH;2;Leidschenveen;Leidschenveen-Ypenburg;52.06938656174441; 4.413520830151056;1
"Vereniging Van Eigenaars ""Golfzicht"",Stadhouderslaan 54 T/M 76 (Even Nrs.) Te 'S-Gravenhage";24;2517JA;54;Duinoord;Scheveningen;52.086613499903585; 4.280676146767861;1
V.V.E. Terrana Ii Te 'S-Gravenhage;24;2493BE;6;Leidschenveen;Leidschenveen-Ypenburg;52.06324444810124; 4.397077572292711;1
V.V.E. Terrana I Te 'S-Gravenhage;24;2493BA;6;Leidschenveen;Leidschenveen-Ypenburg;52.06110032253295; 4.394625166028738;1
V.V.E. Parkzicht Te 'S-Gravenhage;24;2548HN;5;Wateringse Veld;Escamp;52.02899994887368; 4.288753394707082;1
"""Vereniging van Eigenaars Isabellaland 375 tot en met 433 (oneven nummers) en Hendrinaland 224, 226 en 228 te 's-Gravenhage";24;2591SJ;381;Mariahoeve en Marlot;Haagse Hout;52.09448972448755; 4.369360964852408;2
"""Vereniging van Eigenaars Dr Kuyperstraat 6 te 's-Gravenhage""";24;2514BB;6;Willemspark;Centrum;52.086901560267954; 4.312511158034566;1
"""V.V.E. Complex Vriezenveenstraat/Loevesteinlaan Te 'S-Gravenhage""";24;2541RZ;2;Morgenstond;Escamp;52.04755994889841; 4.284515260226936;3
vve woningen breughelstraat 181, 181a, 183, 183a, 183c, 183d,185, 185a, 187, 187a, 189,191, v.d. neerstraat 224 t/m 236 even nummers, 230a, 232a, 234a, en verspronckstraat 31 t/m 41 oneven enz .......;23;2525RR;31;Schildersbuurt;Centrum;52.06715525189453; 4.302465022020942;3
Vereniging van eigenaars complex Katschiplaan 52 tot en met 96 (even) te 's-gravenhage;23;2496ZN;52;Ypenburg;Leidschenveen-Ypenburg;52.05360207831573; 4.391044817221954;1
Vereniging van eigenaars Ondersplitsing ZuiderDuineN Blok C, aan de Ockenburghstraat 39,39a tot en met 39x te 's-Gravenhage;23;2553AA;39;Kijkduin en Ockenburgh;Loosduinen;52.0602798954604; 4.225110197490307;1
Vereniging van Eigenaren De Savornin Lohmanlaan 3/27, Ridderspoorweg 180/204 's-Gravenhage;23;2566AG;3;Bohemen en Meer en Bos;Loosduinen;52.06878473711054; 4.245165647187913;2
Vereniging van Eigenaars Soestdijksekade 366 tot en met 412 (even nummers);23;2574BT;366;Rustenburg en Oostbroek;Escamp;52.062424436334176; 4.275432799490714;2
Vereniging van Eigenaars Jan Romeinstraat 4 tot en met 54 te 's-Gravenhage;23;2552KD;4;Loosduinen;Loosduinen;52.05367013220976; 4.252069888329294;1
Vereniging van Eigenaars Indigostraat 54 tot en met 104-II (even nummers) te 's-Gravenhage;23;2563RK;54;Valkenboskwartier;Segbroek;52.06833886477218; 4.270716658608217;1
Vereniging van Eigenaars Groen Van Prinstererlaan 194/268 te 's-Gravenhage;23;2555HX;218;Waldeck;Loosduinen;52.06486701140136; 4.245076913749648;2
Vereniging van Eigenaars Eksterhof 3/Nootdorpse Landingslaan 38-82 te Den Haag;23;2496LC;38;Ypenburg;Leidschenveen-Ypenburg;52.049341595115855; 4.383337133359164;1
Vereniging van Eigenaars De Bouwmeester aan de Else Mauhslaan te Den Haag;23;2597HH;10;Benoordenhout;Haagse Hout;52.105879620785885; 4.3228927210712005;1
Vereniging Van Ondereigenaren Minerva (Laakhaven);23;2521DZ;34;Laakkwartier en Spoorwijk;Laak;52.06868199769005; 4.324469312765368;1
Vereniging Van Eigenaren Flatgebouw Carel Reinierszkade 139 T/M 185 (Oneven Nrs.) Te 'S-Gravenhage;23;2593HN;139;Bezuidenhout;Haagse Hout;52.088170245079915; 4.3459480055818265;2
Vereniging Van Eigenaars Woning/Winkelcomplex Paul Krugerplein/ Paul Krugerlaan Te S Gravenhage;23;2571RH;90;Transvaalkwartier;Centrum;52.06889903115459; 4.291146841174975;1
Vereniging Van Eigenaars Van Musschenbroekstraat 14/42/Drebbel- Straat 2/4 'S Gravenhage;23;2522CV;2;Laakkwartier en Spoorwijk;Laak;52.063815043932166; 4.3291688379333255;2
Vereniging Van Eigenaars Van Het Gebouw Van Kantoren Met Bergingen En Parkeerplaatsen Aan De Koninginnegracht En De Laan Van Roos En Doorn Te 'S-Gravenhage;23;2514BC;21;Willemspark;Centrum;52.08584533605626; 4.313896263874892;1
Vereniging Van Eigenaars Van Het Gebouw Fie Carelsenlaan Te 'S-Gravenhage;23;2548ZN;8;Wateringse Veld;Escamp;52.01891071835746; 4.294751384900496;1
Vereniging Van Eigenaars Troelstrakade 317/363 En Beatrijsstraat6 Te 'S-Gravenhage;23;2531AH;319;Moerwijk;Escamp;52.05730889903563; 4.298644697091307;1
Vereniging Van Eigenaars Medemblikstraat 252 T/M 304 (Even);23;2547HD;252;Leyenburg;Escamp;52.06330563751068; 4.269519152386154;2
Vereniging Van Eigenaars Lopikstraat /Werkhovenstraat Te 'S-Gravenhage;23;2546EP;6;Leyenburg;Escamp;52.05961629327976; 4.271017267222549;2
Vereniging Van Eigenaars Goeverneurlaan 314 T/M 330 (Even) Jonckbloetplein 80 T/M 86 En 88, Haverschmidtstraat 62 T/M 74 (Even) Te 'S-Gravenhage;23;2522VS;62;Laakkwartier en Spoorwijk;Laak;52.05837405026087; 4.322777798231525;3
Vereniging Van Eigenaars Goeverneurlaan 26-72 Te 'S-Gravenhage;23;2523BK;28;Laakkwartier en Spoorwijk;Laak;52.06011500099263; 4.326541785631133;2
Vereniging Van Eigenaars Aarnout Droststraat 59-93 (Oneven Nrs.)Janssoniusstraat 45-47 Enjan Wapstraat 26-64 Te 'S-Gravenhage;23;2523EL;59;Laakkwartier en Spoorwijk;Laak;52.05694188305065; 4.319493509438985;1
VERENIGING VAN EIGENAARS WONINGEN DE GAARDE 'S-GRAVENHAGE;23;2542HM;1;Bouwlust/Vrederust;Escamp;52.03606994004068; 4.267078076475124;1
"""Vereniging Van Eigenaars Woningen A-1 In Gebouw Zuiderhof""";23;2545LP;1;Morgenstond;Escamp;52.04851682276086; 4.275123721477646;1
vve woningen breughelstr 193 t/m 199b (oneven nummers) v.d. neerstr 238 t/m 248 (even nummers) en verspronckstr 32 t/m 42 (even nummers) en stallinggarage breughelstr 199c te den haag;22;2525RP;32;Schildersbuurt;Centrum;52.06704459050515; 4.30256939078307;4
vereniging van eigenaars westenbergstraat 20 tot en met 70 (even) te 's-gravenhage;22;2515HJ;20;Schildersbuurt;Centrum;52.06910115649855; 4.313495975413554;2
vereniging van eigenaars de nieuwe Maria's prive-tuin aan het Hongarenburg/Finnenburg te s gravenhage;22;2591XS;72;Mariahoeve en Marlot;Haagse Hout;52.08924173738021; 4.360514940612249;4
Vereniging van eigenaars ondersplitsing woningen Hertzogstraat 7b tot en met 23 (oneven nummers) te 's-Gravenhage;22;2572VS;9;Transvaalkwartier;Centrum;52.06798304896571; 4.2923822761046635;1
Vereniging van Eigenaars gebouw Beaufort aan de Dr. Lelykade, Menninckstraat en Koppelstokstraat te ‘s-Gravenhage;22;2583BR;2;Scheveningen;Scheveningen;52.09553906373724; 4.267540665729914;3
Vereniging van Eigenaars de Nieuwe Maria's Boomgaard aan het Hongarenburg/Finnenburg s gravenhage;22;2591XS;58;Mariahoeve en Marlot;Haagse Hout;52.08886254700328; 4.359669814758228;2
Vereniging van Eigenaars Kritzingerstraat 16 tot en met 62 (even nummers) te 's-Gravenhage;22;2572XR;16;Transvaalkwartier;Centrum;52.06805332064055; 4.291797962493786;1
Vereniging van Eigenaars Kranestraat 11 t/m 21(oneven) te 's-gravenhage;22;2512AD;11;Centrum;Centrum;52.0750460004715; 4.316603595363788;1
Vereniging van Eigenaars Koninginnestraat 3 tot en met 19 (oneven nummers) en Hoefkade 468 tot en met 502 (even nummers) te s Gravenhage;22;2515KG;5;Schildersbuurt;Centrum;52.069027370868014; 4.315179182256867;2
Vereniging van Eigenaars Engelenburgstraat 71 t/m 117 (oneven nrs);22;2571XA;73;Transvaalkwartier;Centrum;52.07052807124559; 4.290423094243019;2
Vereniging van Eigenaars ELION PARK Duinweg 35, 35a tot en met 35k en 37, 37a tot en met 37k te 's-Gravenhage;22;2585JV;35;Van Stolkpark en Scheveningse Bosjes;Scheveningen;52.10122441076181; 4.287410561609665;1
Vereniging van Eigenaars Dagpauwooglaan 93, 95, 97, 99, 101, 103, 105 en 107 en Vuurvlinderlaan 104, 108, 112 en 116 te 's-Gravenhage;22;2496XG;93;Hoornwijk;Leidschenveen-Ypenburg;52.05389751534636; 4.383020851151434;2
Vereniging Van Eigenaren Spotvogellaan 82, Tortellaan 14 T/M 56 Kruisbeklaan 31 Te 'S-Gravenhage (Fictief);22;2566CH;14;Vogelwijk;Segbroek;52.0750787019843; 4.241771934671972;3
Vereniging Van Eigenaren Roelofsstraat 124 T/M 134, Sadeestraat 2 T/M 22a, Weissenbruchstraat 269 T/M 281 Te 'S-Gravenhage;22;2596XC;2;Benoordenhout;Haagse Hout;52.09236279639763; 4.327794972912453;3
Vereniging Van Eigenaren Newtonstraat 441 T/M 463 Te 'S-Gravenhage;22;2562KM;441;Valkenboskwartier;Segbroek;52.073672852165984; 4.280043886726911;2
Vereniging Van Eigenaars Woningen Seghersstraat 6,Snijdersstraat3 En V.D. Neerstraat 141 Tot En Met 187(Oneven Nummers) En Stallinggaragee Seghersstraat 4 Te 'S-Gravenhage;22;2525CP;143;Schildersbuurt;Centrum;52.067640088161575; 4.301255290441279;2
Vereniging Van Eigenaars Vondelstraat 48 T/M 94 Te 'S-Gravenhage;22;2513EW;50;Zeeheldenkwartier;Centrum;52.08022861064361; 4.300730410158098;1
Vereniging Van Eigenaars Van De Woningen Frederikstraat 517 Tot En Met 559 (Oneven Nummers) Te 'S-Gravenhage;22;2514LN;517;Willemspark;Centrum;52.08756784112325; 4.3106520373827015;2
Vereniging Van Eigenaars Torenhof Aan De Torenstraat;22;2513VB;6;Centrum;Centrum;52.078002891325795; 4.30441271719404;2
Vereniging Van Eigenaars Rijswijkseweg Hoek Schlegelstraat En Lyonnetstraat Gevestigd Te 'S-Gravenhage;22;2522PG;3;Laakkwartier en Spoorwijk;Laak;52.065415379820436; 4.329279074400298;1
Vereniging Van Eigenaars Rijswijkseweg Hoek Laakkade En Lyonnetstraat Gevestigd Te 'S-Gravenhage;22;2522NA;3;Laakkwartier en Spoorwijk;Laak;52.065725013715195; 4.3291398816004225;1
Vereniging Van Eigenaars Margarethaland Ii Te 'S-Gravenhage;22;2591VA;241;Mariahoeve en Marlot;Haagse Hout;52.09232325521048; 4.36836317322219;1
Vereniging Van Eigenaars Loosduinse Hoofdstraat 193 Tot En Met 235 (Oneven Nummers )Te 'S-Gravenhage;22;2552AC;193;Loosduinen;Loosduinen;52.05424378619275; 4.237762059127972;1
Vereniging Van Eigenaars Juliana Van Stolberglaan;22;2595CA;9;Bezuidenhout;Haagse Hout;52.08273503304412; 4.335581954484633;1
Vereniging Van Eigenaars Hoefbladlaan 101/145 Te 'S-Gravenhage;22;2555ED;101;Bohemen en Meer en Bos;Loosduinen;52.067865193165865; 4.236870714117566;2
Vereniging Van Eigenaars Hengelolaan 479 Tot En Met 539 Hertenrade 564 Tot En Met 652 Te S Gravenhage;22;2544KZ;479;Bouwlust/Vrederust;Escamp;52.045717578013374; 4.26420311021714;4
Vereniging Van Eigenaars Harbour Residence Zeesluisweg Te Scheveningen;22;2583DS;90;Scheveningen;Scheveningen;52.10104179920503; 4.271719293047657;1
Vereniging Van Eigenaars De Wildernisse Ii Te S Gravenhage;22;2517LA;8;Zorgvliet;Scheveningen;52.09437294177033; 4.286649223518321;1
Vereniging Van Eigenaars Altingstraat 3 T/M 47 Oneven Te 'S-Gravenhage;22;2593SP;5;Bezuidenhout;Haagse Hout;52.0856207331931; 4.342599399448212;2
VVE hoek Guntersteinweg/Middachtenweg te 's-Gravenhage;22;2531JT;147;Moerwijk;Escamp;52.0473325376915; 4.302562901008859;2
VVE hoek Ekensteinstraat/Raaphorstlaan te 's-Gravenhage;22;2532TZ;2;Moerwijk;Escamp;52.047966781944; 4.301676603542683;1
VVE Theresiastraat 312 tot en met 358 te 's-Gravenhage;22;2593AZ;314;Bezuidenhout;Haagse Hout;52.08827797105819; 4.341300792600304;1
"""Vereniging van eigenaars Ondersplitsing Woningen A3 gebouw De President Verhulstplein 11,12,13,15,16 en 17 te 's-Gravenhage""";22;2517SC;12;Duinoord;Scheveningen;52.085101803171874; 4.2746558167241115;1
vereniging van eigenaars willem silviusstraat te 's-gravenhage 't haegsch hof vi;21;2515TX;15;Stationsbuurt;Centrum;52.07656273876766; 4.325205792102142;3
vereniging van eigenaars de nieuwe maria's watertuin aan het hongarenburg/finnenburg te s gravenhage;21;2591VH;5;Mariahoeve en Marlot;Haagse Hout;52.08845547663584; 4.357660364664802;2
Vve Het Gebouw L'Esperance Aan De Laan Van Meerdervoort Hoek Reinkenstraat Te 'S-Gravenhage;21;2517BC;205;Duinoord;Scheveningen;52.08099152300395; 4.284181924772519;1
Vereniging van eigenaars gebouw URBAN 28;21;2526JX;332;Schildersbuurt;Centrum;52.06726171808575; 4.298720324356232;1
Vereniging van Eigenaren Lindberghlaan 89-109 te s gravenhage;21;2497DC;89;Ypenburg;Leidschenveen-Ypenburg;52.04120917270888; 4.3650409486149915;1
Vereniging van Eigenaren Lindberghlaan 68-88 te s gravenhage;21;2497DA;68;Ypenburg;Leidschenveen-Ypenburg;52.04103358850746; 4.365341453453928;1
Vereniging van Eigenaren Hanenburglaan 339 tot en met 395 te 's-Gravenhage;21;2565GP;341;Bomen- en Bloemenbuurt;Segbroek;52.0789489101848; 4.263508154497431;1
Vereniging van Eigenaars ondersplitsing gebouw Cornelie van Zantenstraat 193 tot en met 239 (oneven nummers) te 's-Gravenhage;21;2551PG;193;Waldeck;Loosduinen;52.055523201412555; 4.236087348388282;2
Vereniging van Eigenaars de Nieuwe Maria's Bloementuin aan de Hongarenburg/Finnenburg te s gravenhage;21;2591VH;37;Mariahoeve en Marlot;Haagse Hout;52.08883401897652; 4.35850475134907;3
Vereniging van Eigenaars Westduinweg 186, 188, 190, 192 en 194 te 's-Gravenhage;21;2583AG;188;Scheveningen;Scheveningen;52.098444786853534; 4.27179234191969;2
Vereniging van Eigenaars Stadhoudersplantsoen 2 te 's-Gravenhage;21;2517JL;2;Zorgvliet;Scheveningen;52.08861777010292; 4.284440185896272;1
Vereniging van Eigenaars Scheveningseweg * tot en met * te 's-Gravenhage;21;2584AD;106;Geuzen- en Statenkwartier;Scheveningen;52.100649503799644; 4.278559751663364;1
Vereniging van Eigenaars Pauluskerk, Mgr. Nolenslaan te 's-Gravenhage;21;2555XZ;8;Waldeck;Loosduinen;52.064384335272024; 4.249381851596568;2
Vereniging van Eigenaars Maris te 's Gravenhage;21;2512VP;14;Centrum;Centrum;52.07533211499797; 4.303661156091029;2
Vereniging van Eigenaars Franklinstraat 41 tot en met 71 en Van Bylandtstraat 46 tot en met 60 te s Gravenhage;21;2562CA;41;Regentessekwartier;Segbroek;52.07718913537449; 4.285808971649181;4
Vereniging van Eigenaars De Constant Rebecquestraat/Joseph Ledelstraat oneven te 's-Gravenhage;21;2518RA;2;Regentessekwartier;Segbroek;52.077063358647884; 4.291772814789498;3
Vereniging van Eigenaars Cillierstraat-Beyersstraat te 's-Gravenhage;21;2572BB;9;Transvaalkwartier;Centrum;52.06827717811558; 4.289806555502072;3
Vereniging van Eigenaars Betje Wolffstraat 279 tot en met 333 (oneven nummers) te 's-Gravenhage;21;2533HN;281;Moerwijk;Escamp;52.04762587678307; 4.292349370559703;1
Vereniging van Eigenaars Betje Wolffstraat 216 tot en met 270 (even nummers) te 's-Gravenhage;21;2533HW;218;Moerwijk;Escamp;52.04784039930394; 4.292743493038252;1
Vereniging van Eigenaars Badhuiskade 18 tot en met 24 (alle nummers) te 's-Gravenhage;21;2586EN;18;Scheveningen;Scheveningen;52.10701552570246; 4.278196870879342;2
Vereniging Van Eigenaren: Van Lansbergestraat 54/94 Te 'S-Gravenhage;21;2593SG;54;Bezuidenhout;Haagse Hout;52.08594628786795; 4.344303611781029;1
Vereniging Van Eigenaren Usselincxstraat 79 T/M 119 (Oneven) Te 'S-Gravenhage;21;2593VH;79;Bezuidenhout;Haagse Hout;52.08257984177262; 4.3453220643152655;2
Vereniging Van Eigenaren Usselincxstraat 74 T/M 114 (Even) Te S Gravenhage;21;2593VM;74;Bezuidenhout;Haagse Hout;52.08268593875179; 4.345201501860889;2
Vereniging Van Eigenaren Uddelstraat 18 T/M 58 Te 'S-Gravenhage;21;2573VG;18;Rustenburg en Oostbroek;Escamp;52.06265925178564; 4.287551471478367;2
Vereniging Van Eigenaren Duinoord Ii Van Bleijswijkstraat 9 T/M 63 Te 'S-Gravenhage;21;2582KZ;9;Geuzen- en Statenkwartier;Scheveningen;52.09539840212073; 4.282775662332212;2
Vereniging Van Eigenaren De La Reyweg 259 T/M 295 En De Ellekomstraat 1 T/M 5 Te 'S-Gravenhage;21;2573XA;3;Rustenburg en Oostbroek;Escamp;52.06630868627182; 4.286957433392033;2
Vereniging Van Eigenaren Columbusstraat 186 Te 'S-Gravenhage;21;2561AT;186;Regentessekwartier;Segbroek;52.07758650141847; 4.278644392623808;1
Vereniging Van Eigenaars Wilhelminastraat 9 T/M 49 Te 'S-Gravenhage;21;2595EM;9;Bezuidenhout;Haagse Hout;52.084980035746874; 4.331935692759839;1
Vereniging Van Eigenaars Westerbaenstraat 194 En 206 T/M 248 Te 'S-Gravenhage;21;2513GK;208;Zeeheldenkwartier;Centrum;52.079856609114536; 4.2986936739893835;1
Vereniging Van Eigenaars Westerbaenstraat 153 T/M 193 (Oneven) Te 'S-Gravenhage;21;2513GH;153;Zeeheldenkwartier;Centrum;52.07996852545279; 4.298822821711325;1
"Vereniging Van Eigenaars Waterlandsingel,Gebouw ""De Ooievaar"",Te 'S-Gravenhage";21;2548TB;154;Wateringse Veld;Escamp;52.02446177827872; 4.291375086666755;1
Vereniging Van Eigenaars Van Hoogendorpstraat 13 Tot En Met 19 Te 'S-Gravenhage;21;2515NR;13;Stationsbuurt;Centrum;52.07263689998572; 4.318684364789432;1
Vereniging Van Eigenaars Smidswater 1 Tot En Met 7 E Te S Gravenhage;21;2514BV;1;Centrum;Centrum;52.08305334082626; 4.3154644001469595;1
Vereniging Van Eigenaars Renswoudelaan 19 T/M 43, Woudenbergstraat 1 T/M 11 En Soesterbergstraat 75,77,79 Te 'S-Gravenhage;21;2546VK;1;Leyenburg;Escamp;52.06062415588069; 4.276857077711276;3
Vereniging Van Eigenaars Nieuwediepstraat 105/107/109 Wognumstraat 53 T/M 63 (Oneven Nummers) En Huisduinenstraat 86 T/M 108 ( Even ) Te 'S-Gravenhage;21;2547TM;53;Leyenburg;Escamp;52.063668933003804; 4.270440793432594;3
Vereniging Van Eigenaars Mariastraat 39 T/M 87 Te S Gravenhage;21;2595GL;41;Bezuidenhout;Haagse Hout;52.08436517643575; 4.336379907716759;2
Vereniging Van Eigenaars Loudonstraat Te 'S-Gravenhage;21;2593WB;72;Bezuidenhout;Haagse Hout;52.08655346570573; 4.346189591136967;1
Vereniging Van Eigenaars Hotel Aan Zee Te 'S-Gravenhage;21;2586AE;1;Scheveningen;Scheveningen;52.10771925929286; 4.2734962154531;2
Vereniging Van Eigenaars Groenewegje 71 Tot En Met 95/Spinoza- Straat 2 Te 'S-Gravenhage;21;2515LT;2;Stationsbuurt;Centrum;52.07271751776526; 4.314413089112669;2
Vereniging Van Eigenaars Galvanistraat 118 Te 'S-Gravenhage;21;2517RE;96;Duinoord;Scheveningen;52.079509946018895; 4.277738143112398;1
Vereniging Van Eigenaars De Scheeper Te 'S-Gravenhage;21;2572BC;47;Transvaalkwartier;Centrum;52.06752682182612; 4.289929037774203;3
Vereniging Van Eigenaars Appartementsgebouw Van Soutelandelaan Te 'S-Gravenhage;21;2597EZ;12;Benoordenhout;Haagse Hout;52.10235018395381; 4.32168523970683;1
Vereniging Van Eigenaars Appartementengebouw Spiegel-State Aan De Laan Van Meerdervoort En Van De Spiegelstraat Te 'S-Gravenhage;21;2518ET;14;Zeeheldenkwartier;Centrum;52.084775060561554; 4.29610470505627;2
Vereniging Van Eigenaars 21 Appartementwoningen Bouwnummers 25 T/M 45 Nabij De Lisztstraat;21;2551ZC;29;Waldeck;Loosduinen;52.0589190798031; 4.241469184640725;1
V.V.E.Olststraat/Raaltestraat Te 'S Gravenhage;21;2541AC;9;Morgenstond;Escamp;52.05395142962306; 4.272624414660095;2
vereniging van ondereigenaars podium III woningen Melis Stokelaan te s gravenhage;20;2541GC;1856;Bouwlust/Vrederust;Escamp;52.04068469341475; 4.2696294570175635;1
Vereniging van eigenaars gebouw ondersplitsing Waldorpstraat 6 tot en met 44 te 's Gravenhage;20;2521CL;6;Laakkwartier en Spoorwijk;Laak;52.062423474714876; 4.312506510563535;1
Vereniging van eigenaars Esperanto appartementen Van Boecopkade 109, Esperantostraat 15 en Zamenhofstraat 11 tot en met 45 (oneven nummers) te 's-Gravenhage;20;2518PB;11;Regentessekwartier;Segbroek;52.07456339115358; 4.293443137548546;3
Vereniging van Eigenaren Loosduinsekade 582 t/m 601, Medemblikstraat 2;20;2571CS;582;Leyenburg;Escamp;52.06563568700165; 4.267693030685412;1
Vereniging van Eigenaren Laan van Meerdervoort 1672 tot en met 1714;20;2555CT;1672;Waldeck;Loosduinen;52.06416119816916; 4.236347287985359;2
Vereniging van Eigenaars ondersplitsing Gouwestraat 1 en Pletterijkade 16, 19 en 22 te 's-Gravenhage;20;2515SM;1;Stationsbuurt;Centrum;52.074599370530855; 4.321980780919727;2
Vereniging van Eigenaars Wijkpark Transvaal II, Wesselstraat en de Herman Costerstraat te 's-Gravenhage;20;2572AK;6;Transvaalkwartier;Centrum;52.06700196770689; 4.2956483205574045;3
Vereniging van Eigenaars Van de Spiegelstraat 19 e.v., gevestigd te 's-Gravenhage.;20;2518ES;19;Zeeheldenkwartier;Centrum;52.084729716643245; 4.29662173861084;1
Vereniging van Eigenaars Valkenboskade nummers 72 tot en met 84;20;2563GV;72;Valkenboskwartier;Segbroek;52.06951082241701; 4.274009707112292;1
Vereniging van Eigenaars Smitstraat 30 en 32 en Joubertplantsoen 78 tot en met 99 te s Gravenhage;20;2571WE;79;Transvaalkwartier;Centrum;52.07089815086471; 4.2897612747639835;1
Vereniging van Eigenaars Pastoorswarande 4 tot en met 44 (even nummers) te 's-Gravenhage;20;2513TZ;6;Centrum;Centrum;52.078063171323805; 4.3036717225348395;1
Vereniging van Eigenaars Hof Berestein/Hofwoningen;20;2543CV;4;Bouwlust/Vrederust;Escamp;52.03813133473973; 4.258804777329644;2
Vereniging van Eigenaars De Ridderhof 3 te 's-Gravenhage;20;2531HR;2;Moerwijk;Escamp;52.0507173792617; 4.302893772300345;1
Vereniging van Egenaars Daguerrestraat 173 173A tot en met 173 G, 175 175A tot en met 175F, 177 en 177A tot en met 177 D te 's-Gravenhage;20;2561TS;173;Valkenboskwartier;Segbroek;52.076503258931105; 4.278140450712214;1
Vereniging Van Eigenaren Willem De Zwijgerlaan Ii Te 'S-Gravenhage;20;2582EE;17;Geuzen- en Statenkwartier;Scheveningen;52.09079170918003; 4.276163269661012;2
Vereniging Van Eigenaren Vreeswijkstraat 74-118 Te 'S-Gravenhage;20;2546CA;74;Morgenstond;Escamp;52.05660965164649; 4.2747672287778675;1
Vereniging Van Eigenaren Sneeuwklokjesstraat 3/61 Te 'S-Gravenhage;20;2565GL;7;Bomen- en Bloemenbuurt;Segbroek;52.07817376259535; 4.26170289511337;2
Vereniging Van Eigenaren Laan Van Meerdervoort 1716 T/M 1758 Te S Gravenhage;20;2555CW;1716;Waldeck;Loosduinen;52.06401778798049; 4.235852186116664;1
Vereniging Van Eigenaren Laan Van Meerdervoort 1628 T/M 1670 Te 'S-Gravenhage;20;2555CS;1628;Waldeck;Loosduinen;52.06430642032168; 4.236848661352903;1
Vereniging Van Eigenaren Laan Van Meerdervoort 1452 T/M 1494 Te 'S-Gravenhage;20;2555CL;1452;Waldeck;Loosduinen;52.06498537711906; 4.239197582777418;2
Vereniging Van Eigenaren Laan Van Meerdervoort 1408-1450 Te 'S-Gravenhage;20;2555CK;1408;Waldeck;Loosduinen;52.06511356494158; 4.239645725939696;1
Vereniging Van Eigenaren Laan Van Meerdervoort 1364 T/M 1404 Te 'S-Gravenhage;20;2555CJ;1364;Waldeck;Loosduinen;52.065237661203895; 4.240077262724015;1
Vereniging Van Eigenaren Juliana Van Stolberg Te 'S-Gravenhage;20;2595CB;71;Bezuidenhout;Haagse Hout;52.083449626524086; 4.338067809669124;2
Vereniging Van Eigenaren Catharina Van Rennesstraat 40 T/M 94 (Even Nummers) Te 'S-Gravenhage;20;2551GN;56;Waldeck;Loosduinen;52.06055719033485; 4.2360492030948755;1
Vereniging Van Eigenaren Catharina Van Rennesstraat 220 T/M 274 (Even Nummers) Te 'S-Gravenhage;20;2551GT;236;Waldeck;Loosduinen;52.05981084698059; 4.233799942910606;1
Vereniging Van Eigenaren Catharina Van Rennesstraat 130 T/M 184 (Even Nummers) Te 'S-Gravenhage;20;2551GR;146;Waldeck;Loosduinen;52.06018896221976; 4.234920309508571;1
Vereniging Van Eigenaars Van Het Gebouw Jan Bronnerstraat 90 Tot En Met 136 (Even Nummers) Te 'S-Gravenhage Gevestigd Te 'S-Gravenhage;20;2552WT;92;Loosduinen;Loosduinen;52.05566633164572; 4.249139758612483;1
Vereniging Van Eigenaars Troelstrakade 365/397/403/407/411 Te 'S-Gravenhage;20;2531AJ;365;Moerwijk;Escamp;52.057179628337316; 4.299167752097291;1
Vereniging Van Eigenaars Scheepmakersstraat 20 Tot En Met 28;20;2515VC;20;Stationsbuurt;Centrum;52.072541570708665; 4.3257799955563065;1
Vereniging Van Eigenaars Randbebouwing Ii Te Scheveningen,Gelegen Aan De Vierloper 13 T/M 47,De Kruismast 13 En De Fokkemast 14;20;2586KT;13;Scheveningen;Scheveningen;52.11129648734959; 4.280465533657398;3
Vereniging Van Eigenaars Parkweg 17 E.V. Te S Gravenhage;20;2585JH;17;Van Stolkpark en Scheveningse Bosjes;Scheveningen;52.10087358840735; 4.286054876159944;1
Vereniging Van Eigenaars Hoge Prins Willemstraat 222 Te S Gravenhage;20;2584HX;166;Scheveningen;Scheveningen;52.103304242616524; 4.2779230403323645;1
Vereniging Van Eigenaars Hoefkade 17 Tot En Met 31 (Oneven) En 35 En Jan Blankenstraat 28 Tot En Met 50 (Even) Te 'S-Gravenhage Gevestigd Te 'S-Gravenhage;20;2526BN;17;Stationsbuurt;Centrum;52.071105217612086; 4.319432548302809;2
Vereniging Van Eigenaars Gebouw Driebergenstraat 1 T/M 33 (Oneven Nummers) Te 'S-Gravenhage;20;2546SL;1;Leyenburg;Escamp;52.06073187101513; 4.2733127964808375;2
Vereniging Van Eigenaars Flatgebouw Janssoniusstraat 73 T/M 107 ( Oneven ) Te 'S-Gravenhage;20;2523HB;73;Laakkwartier en Spoorwijk;Laak;52.05636848242838; 4.319090071626009;2
Vereniging Van Eigenaars Flatgebouw Finnenburg 7 Tot En Met 45 Te S Gravenhage;20;2591XJ;7;Mariahoeve en Marlot;Haagse Hout;52.08742120912617; 4.357595926569019;1
Vereniging Van Eigenaars Dorkewater Te S Gravenhage;20;2497XX;16;Ypenburg;Leidschenveen-Ypenburg;52.03662913835733; 4.369105461812736;1
Vereniging Van Eigenaars Complex Sonata, Nabij Het Muzenplein Te 'S-Gravenhage;20;2511GJ;97;Centrum;Centrum;52.07983667269096; 4.32026102148941;1
Vereniging Van Eigenaars Burgemeester De Monchyplein/Burgemeester Patijnlaan/Burgemeester Kolfschotenlaan, Gemini-Woningen Te 'S-Gravenhage;20;2585DZ;25;Archipelbuurt;Centrum;52.08975293507256; 4.3046342221787794;2
Vereniging Van Eigenaars Borneostraat Te S Gravenhage;20;2585TS;33;Archipelbuurt;Centrum;52.09062809273268; 4.303388086570057;2
Vereniging Van Eigenaars Belgischeplein 9 T/M 28 Te 'S-Gravenhage;20;2587AP;9;Belgisch Park;Scheveningen;52.10948883554076; 4.292272049866528;2
Vereniging Van Eigenaars A Kortekaasplantsoen Te S Gravenhage;20;2552JC;21;Loosduinen;Loosduinen;52.04942831425777; 4.2407181706978525;2
"""V.V.E. Complex Ootmarsumstraat/Steenwijklaan Te 'S-Gravenhage""";20;2541RG;1;Morgenstond;Escamp;52.04629489981465; 4.285737003575367;2
Vereniging van eigenaars Ondersplitsing ZuiderDuineN Blok B, aan de Wijndaelerwg 1a tot en met 1u te 's-Gravenhage;19;2554BZ;1;Kijkduin en Ockenburgh;Loosduinen;52.06006049827283; 4.2246468527653445;1
Vereniging van eigenaars Ondersplitsing ZuiderDuineN Blok A, aan de Wijndaelerweg 3a tot en met 3u te 's-Gravenhage;19;2554BZ;3;Kijkduin en Ockenburgh;Loosduinen;52.05971983604495; 4.224509131176155;1
Vereniging van Eigenaars karmoy, Blok 1 te Den haag;19;2548JZ;4;Wateringse Veld;Escamp;52.030053332664544; 4.282466705856826;2
Vereniging van Eigenaars gebouw Eisenhowerlaan 156 te 's-Gravenhage;19;2517KP;156;Geuzen- en Statenkwartier;Scheveningen;52.09497979442975; 4.283512364882026;1
Vereniging van Eigenaars Westeinde 40/42 te 's-Gravenhage;19;2512HE;40;Centrum;Centrum;52.07628519897727; 4.3034411188382355;1
Vereniging van Eigenaars Wapenveldestraat 27 tot en met 61 (oneven nummers), Ermelostraat 119;19;2573BG;29;Rustenburg en Oostbroek;Escamp;52.063112214943395; 4.283363211181787;1
Vereniging van Eigenaars Pahudstraat 122/160 (even nummers), Altingstraat 1 te 's-Gravenhage;19;2593TK;122;Bezuidenhout;Haagse Hout;52.0855221527045; 4.342588059594984;1
Vereniging van Eigenaars Karmøy, blok 2 te Den Haag;19;2548JZ;3;Wateringse Veld;Escamp;52.03024946156119; 4.282328934053261;2
Vereniging van Eigenaars Hof Berestein/Singelwoningen;19;2543CT;61;Bouwlust/Vrederust;Escamp;52.03784807965637; 4.259202727445933;1
Vereniging van Eigenaars Haagse Grandeur V te 's-Gravenhage;19;2562TR;4;Valkenboskwartier;Segbroek;52.07261421623326; 4.282156827011459;1
Vereniging van Eigenaars Engelenburgstraat 153 tot en met 171a, Reitzstraat 42 en Steijnlaan 47 te s Gravenhage;19;2571XC;153;Transvaalkwartier;Centrum;52.06965956094054; 4.291253035708232;1
Vereniging van Eigenaars De Ridderhof 1 te 's-Gravenhage;19;2531JE;1;Moerwijk;Escamp;52.050189427307664; 4.301870516155752;1
Vereniging van Eigenaars Blijenburg 6 tot en met 36 aan de Bleijenburg te s gravenhage;19;2511VD;8;Centrum;Centrum;52.081242387144535; 4.317424288226297;1
Vereniging van Eigenaars Aarnout Drostlaan 58 tot en met 92 (oneven nummers), Janssoniusstraat 41 en 43 en Jan Wapstraat 54 en 56 te 's-Gravenhage;19;2523EP;58;Laakkwartier en Spoorwijk;Laak;52.05712326107621; 4.320043343911743;1
Vereniging Van Eigenaren Lavendelstraat 54 T/M 94 (Even) Te S Gravenhage;19;2563PT;54;Valkenboskwartier;Segbroek;52.067816585990144; 4.270955397433949;1
Vereniging Van Eigenaren Laan Van Meerdervoort 1584 T/M 1626 Te 'S-Gravenhage;19;2555CP;1584;Waldeck;Loosduinen;52.06444970509646; 4.237343320639122;2
Vereniging Van Eigenaren Laan Van Meerdervoort 1496 T/M 1538 Te 'S-Gravenhage;19;2555CM;1496;Waldeck;Loosduinen;52.06485722552005; 4.2387542540546255;1
Vereniging Van Eigenaren Hengelolaan 207 T/M 217 B (On) Te 'S-Gravenhage;19;2545JJ;207;Morgenstond;Escamp;52.04937887489977; 4.27193243358272;1
Vereniging Van Eigenaars Voormalig Kantongerecht Gelegen Te 'S-Gravenhage Aan De Lange Lombardstraat En De Prinsegracht;19;2512EW;45;Centrum;Centrum;52.07418598915338; 4.3048319143965506;1
Vereniging Van Eigenaars Van Het Gebouw Aan Het Henri Duparcplantsoen 35 Tot En Met 71(Oneven Nummers) Te 'S-Gravenhage;19;2551XT;35;Waldeck;Loosduinen;52.05778549009107; 4.243053537800439;1
Vereniging Van Eigenaars Tarwekamp 7 T/M 83 Te S Gravenhage;19;2592XG;9;Mariahoeve en Marlot;Haagse Hout;52.0885619252943; 4.353173464012396;2
Vereniging Van Eigenaars Spaarnestraat 34 T/M 78 Even Te 'S-Gra-Venhage;19;2515VN;34;Stationsbuurt;Centrum;52.07389100713097; 4.328105882723324;2
Vereniging Van Eigenaars Rozenburgstraat 52 Tot En Met 94 (Even Nummers) Te 'S-Gravenhage;19;2512SV;54;Schildersbuurt;Centrum;52.07214583563733; 4.294305948693497;2
Vereniging Van Eigenaars Randbebouwing Iii Te Scheveningen,Gelegen Aan De Vierloper 49 T/M 81 De Gevers Deynootweg 128e En De Kruismast 16;19;2586KN;16;Scheveningen;Scheveningen;52.11149227266436; 4.280862199581862;3
Vereniging Van Eigenaars Paulus Potterstraat 243 Tot En Met 261 (Oneven Nummers) En Hobbemastraat 5 Tot En Met 23, 23a En 23b (Oneven Nummers) Gevestigd Te 'S-Gravenhage;19;2526JE;7;Schildersbuurt;Centrum;52.07025884742041; 4.306457803934823;3
Vereniging Van Eigenaars Marktweg 60 T/M 94(Even Nummers) Te 'S-Gravenhage(Fictief);19;2525JM;60;Groente- en Fruitmarkt;Centrum;52.061511482003624; 4.300418362120831;2
Vereniging Van Eigenaars Delta Ii;19;2492TR;2;Leidschenveen;Leidschenveen-Ypenburg;52.05883574726972; 4.4171231427243685;1
Vereniging Van Eigenaars Cornelis Houtmanstraat;19;2593RD;3;Bezuidenhout;Haagse Hout;52.08987613826375; 4.340521073142073;1
Vereniging Van Eigenaars Brasserhoeve 2 Cypergras Te 'S Gravenhage;19;2498CA;89;Ypenburg;Leidschenveen-Ypenburg;52.033886508109866; 4.37731869514364;1
Vereniging Van Eigenaars Brasserhoeve 1 Cypergras Te 'S Gravenhage;19;2498CB;173;Ypenburg;Leidschenveen-Ypenburg;52.03330783941293; 4.375921305821206;1
"Vereniging Van Eigenaars ""Prince Ville"" Gelegen Aan De Prinsegracht 39-41-43 Te S Gravenhage";19;2512EW;39;Centrum;Centrum;52.07442983315998; 4.305539276582969;1
VVE Loosduinse Hoofdstraat vanaf 259 ( oneven ), woningen;19;2552AD;271;Loosduinen;Loosduinen;52.05425036835692; 4.236655725157895;1
"""Vereniging Van Eigenaars Aquahorizonte Ii Te Leidschenveen""";19;2492TJ;1;Leidschenveen;Leidschenveen-Ypenburg;52.060877378331774; 4.41971010241291;1
"""Vereniging Van Eigenaars ""Abraham Patrasstraat/Hoek Tweede De Carpentierstraat Te 'S-Gravenhage";19;2595RC;10;Bezuidenhout;Haagse Hout;52.083208558999395; 4.338841444686019;2
Vve Ruysbroekstraat 77 T/M 111 Te 'S-Gravenhage;18;2531TH;77;Moerwijk;Escamp;52.053633026035676; 4.303257326628103;2
Vereniging van eigenaars gebouw Stortenbekerstraat 205 tot en met 243 te 's-Gravenhage;18;2525SE;205;Schildersbuurt;Centrum;52.0648079564061; 4.304065323725002;1
Vereniging van eigenaars Hendrik van Noortstraat 3 tot en met 37 (oneven) te 's-Gravenhage;18;2552RZ;3;Loosduinen;Loosduinen;52.046585948505054; 4.245177519752038;1
Vereniging van eigenaars Betje Wolffstraat 2 tot en met 42 (even nummers) te 's-Gravenhage;18;2533HP;4;Moerwijk;Escamp;52.050662404931415; 4.288627858296785;1
Vereniging van Eigenaars van Bleiswjkstraat 82 tot en met 116 te 's-Gravenhage;18;2582LH;82;Geuzen- en Statenkwartier;Scheveningen;52.094617148783705; 4.281749172510008;1
Vereniging van Eigenaars Van Dijckstraat 98 tot en met 142 te 's-Gravenhage;18;2526SG;98;Schildersbuurt;Centrum;52.06879154731608; 4.307355262218447;1
Vereniging van Eigenaars Sumatrastraat 3 tot en met 35 (oneven nummers);18;2585CL;3;Archipelbuurt;Centrum;52.0918441049501; 4.304551838199582;2
Vereniging van Eigenaars Stuyvesantstraat 297 tot en met 331 (oneven) te 's-Gravenhage;18;2593GJ;297;Bezuidenhout;Haagse Hout;52.087616893403485; 4.343935700044522;2
Vereniging van Eigenaars Soestdijksekade 485/519 (oneven) te 's-Gravenhage;18;2574BD;485;Leyenburg;Escamp;52.06163388973403; 4.275377583129746;2
Vereniging van Eigenaars Slijkeinde 54 tot en met 94 (even nummers) te 's-Gravenhage;18;2513VD;56;Centrum;Centrum;52.07721223380545; 4.301672694909126;1
Vereniging van Eigenaars Rijswijkse Landingslaan 392 tot en met 430 te 's-Gravenhage;18;2497TL;392;Ypenburg;Leidschenveen-Ypenburg;52.038605101064405; 4.369390473109968;1
Vereniging van Eigenaars Meidoornstraat 11 tot en met 19 te 's-Gravenhage;18;2563GE;19;Valkenboskwartier;Segbroek;52.07032374717213; 4.272416141656552;1
Vereniging van Eigenaars Leyweg 1078 tot en met 1128 (even nummers) en Tubbergenstraat 134 te 's-Gravenhage;18;2545GZ;1078;Morgenstond;Escamp;52.047692636989936; 4.277948634670253;1
Vereniging van Eigenaars Jan Luykenlaan 122 tot en met 162 (even nummers) te 's-Gravenhage;18;2533JV;124;Moerwijk;Escamp;52.05081148411008; 4.294601406962985;1
Vereniging van Eigenaars Hengelolaan 195 tot en met 205B (oneven nummers) te 's-Gravenhage;18;2545JH;195;Morgenstond;Escamp;52.04956073886133; 4.272345643385783;1
Vereniging van Eigenaars Hengelolaan 183 tot en met 193B (oneven nummers) te 's-Gravenhage;18;2545JG;183;Morgenstond;Escamp;52.04974563588069; 4.27273851571643;1
Vereniging van Eigenaars Gedempte Burgwal Gedempte Burgwal 10, 10B tot en met L en Wagenstraat 83B tot en met 83K te 's-Gravenhage;18;2512BT;10;Centrum;Centrum;52.07529048484908; 4.312179076700517;2
Vereniging van Eigenaars Frederikstraat 201 tot en met 251 (oneven nummers) te 's-Gravenhage;18;2514LC;203;Willemspark;Centrum;52.08716067104805; 4.310989665846433;1
Vereniging van Eigenaars De Klimopschool te 's-Gravenhage;18;2563GC;17;Valkenboskwartier;Segbroek;52.06978730136787; 4.273324234815635;1
"Vereniging van Eigenaars De Binck woningen A-4 (Binckhorstlaan) te 's-Gravenhage""";18;2516BC;313;Binckhorst;Laak;52.06267378253495; 4.3435831890640255;1
Vereniging Van Eigenaren: Van Lansbergestraat 106 T/M 140 Te 'S-Gravenhage;18;2593SH;106;Bezuidenhout;Haagse Hout;52.087053141264526; 4.344514544308254;2
Vereniging Van Eigenaren Vreeswijkstraat 156/190 Te 'S-Gravenhage;18;2546CB;156;Morgenstond;Escamp;52.056258161835245; 4.273686539381483;2
Vereniging Van Eigenaren Van Neckstraat 54 T/M 92 Van Akenstraat 9 Te 'S-Gravenhage;18;2597SH;54;Benoordenhout;Haagse Hout;52.10390294343674; 4.321242941561332;1
Vereniging Van Eigenaren Van Kinsbergenstraat 7 T/M 21 Te 'S-Gravenhage;18;2518GV;9;Zeeheldenkwartier;Centrum;52.08082643074718; 4.295316618890067;1
Vereniging Van Eigenaren Van Kijfhoeklaan 1 T/M 45 0neven Nrs. Te 'S-Gravenhage;18;2597TA;5;Benoordenhout;Haagse Hout;52.102845663038735; 4.320657128187078;2
Vereniging Van Eigenaren Van Hogenhoucklaan 4 T/M 10 (Even Nrs),Van Wijngaerdenstraat 27 T/M 37 Oneven Nummers Te 'S-Gravenhage;18;2596TD;4;Benoordenhout;Haagse Hout;52.09452766161235; 4.3227405428699965;2
Vereniging Van Eigenaren Van Het Flatgebouw Sportlaan 2 T/M 40 (Beekzicht) Te 'S-Gravenhage;18;2566LA;4;Bomen- en Bloemenbuurt;Segbroek;52.0848736341549; 4.271825347710524;1
Vereniging Van Eigenaren Tonystraat 7 T/M 41 (Oneven) Te 'S-Gravenhage;18;2523KL;7;Laakkwartier en Spoorwijk;Laak;52.05347834092595; 4.320245716344867;1
Vereniging Van Eigenaren Thomsonlaan 70-84 Even,Thomsonlaan 19-26 (Alle Nrs.),Wilgstraat 16 Te 'S-Gravenhage;18;2565KV;20;Bomen- en Bloemenbuurt;Segbroek;52.07915679242463; 4.270602147781995;3
Vereniging Van Eigenaren Stuyvesantstraat 122 T/M 156 (Even) Te 'S-Gravenhage;18;2593GP;122;Bezuidenhout;Haagse Hout;52.08574477206923; 4.343320052268196;2
Vereniging Van Eigenaren Resedastraat 6 T/M 46 (Even Nrs.) Te 'S-Gravenhage;18;2565DB;6;Bomen- en Bloemenbuurt;Segbroek;52.07660046157309; 4.256898053781313;2
Vereniging Van Eigenaren Phoenix I, A. Van Solmstraat 6 T/M 40 (Even Nr.) Te 'S-Gravenhage;18;2595TB;6;Bezuidenhout;Haagse Hout;52.08267010986191; 4.336348942740587;1
Vereniging Van Eigenaren Nunspeetlaan 228 262 Te S Gravenhage;18;2573GM;228;Rustenburg en Oostbroek;Escamp;52.06546492126437; 4.28624863680564;2
Vereniging Van Eigenaren Leyweg 988/1032 Te 'S-Gravenhage;18;2545GW;990;Morgenstond;Escamp;52.048686671127825; 4.27674175120577;1
Vereniging Van Eigenaren Leyweg 856 T/M 908 Te 'S-Gravenhage;18;2545GS;858;Morgenstond;Escamp;52.050983292543215; 4.273846178753643;2
Vereniging Van Eigenaren Leyweg 1034/1076,Wapserveenstr. 242,Tubbergenstraat 131 'S-Gravenhage;18;2545GX;1034;Morgenstond;Escamp;52.048177349824; 4.277356154543448;1
Vereniging Van Eigenaren Hulshorststraat 175 T/M 209 Te 'S-Gravenhage;18;2573EE;175;Rustenburg en Oostbroek;Escamp;52.0639235447422; 4.288076707938257;1
Vereniging Van Eigenaren Hendrik Zwaardecroonstraat 164-198 Even Nummers Te 'S-Gravenhage;18;2593XW;164;Bezuidenhout;Haagse Hout;52.08365748995598; 4.342147419731214;2
Vereniging Van Eigenaren Hanenburglaan 96-120a ,Lindestraat 46- 48 ,Kastanjestraat 45-47 Te 'S-Gravenhage;18;2565HJ;45;Bomen- en Bloemenbuurt;Segbroek;52.08074024823709; 4.268339490444256;3
Vereniging Van Eigenaren Flatgebouw Loudonstraat 20 Tot En Met  54 (Even Nrs.) Te 'S-Gravenhage;18;2593RX;20;Bezuidenhout;Haagse Hout;52.08549029880785; 4.344618231069629;1
Vereniging Van Eigenaren Flatgebouw Linnaeusstraat 16 T/M 50(Even Nrs);18;2522GS;16;Laakkwartier en Spoorwijk;Laak;52.058554191743674; 4.32855154311471;1
Vereniging Van Eigenaren Doorwerthstraat 1 T/M 37 (Oneven Nrs.) Te S Gravenhage;18;2573AW;3;Rustenburg en Oostbroek;Escamp;52.065339946728464; 4.280844732169515;1
Vereniging Van Eigenaren Dierenselaan 2/24 (Even) De La Reyweg 243/257 (Oneven) Hulshorststraat 2/8 (Even) Te 'S-Gravenhage;18;2573EK;4;Rustenburg en Oostbroek;Escamp;52.06666200399915; 4.28624502766646;3
Vereniging Van Eigenaren Dennehove Te S Gravenhage;18;2597JN;145;Westbroekpark en Duttendel;Scheveningen;52.103607954136; 4.297932196825003;1
Vereniging Van Eigenaren Cypresstraat 31 T/M 65 (Oneven Nrs.) Te 'S-Gravenhage;18;2565LS;31;Bomen- en Bloemenbuurt;Segbroek;52.07958639439701; 4.267321425958912;2
Vereniging Van Eigenaren Carel Reinierszkade 233 T/M 267(Oneven)Te 'S-Gravenhage;18;2593HR;233;Bezuidenhout;Haagse Hout;52.085659846083864; 4.348935185021952;1
Vereniging Van Eigenaren Bennekomstraat 1 T/M 35 (Oneven Nrs.) Te S Gravenhage;18;2573RA;1;Rustenburg en Oostbroek;Escamp;52.06748784937872; 4.278316631681883;2
Vereniging Van Eigenaren Anton De Haenstraat 53 T/M 87 Te 'S-Gravenhage;18;2563BR;53;Valkenboskwartier;Segbroek;52.07568693510753; 4.271250302517575;1
Vereniging Van Eigenaars Woningen Pieterstraat Nummers 19 T/M 55 (Oneven);18;2513BX;21;Centrum;Centrum;52.07966849243592; 4.303830574950404;1
Vereniging Van Eigenaars Woningen Lombardhof, Gelegen Te S Gravenhage Aan De Lange Lombardstraat;18;2512VP;44;Centrum;Centrum;52.07468206802038; 4.304300658513109;1
Vereniging Van Eigenaars Woningen J Jordaensplein 18 Tot En Met 38 En Stallinggarage;18;2526KS;19;Schildersbuurt;Centrum;52.06951790935523; 4.308937172414731;1
Vereniging Van Eigenaars Woningen A.Bloemaertstraat 5 Tot En Met 45 (Oneven Nummers) En Stallinggarage J.Lievensstraat 43 Te S Gravenhage;18;2526LN;7;Schildersbuurt;Centrum;52.069579590945565; 4.307903613746645;1
Vereniging Van Eigenaars Woningen A. Bloemaerstraat 49 Tot En Met 89 (Oneven Nummers), En Stallinggarage V Dijckstraat 64 Te 'S-Gravenhage;18;2526LN;51;Schildersbuurt;Centrum;52.06934114629861; 4.307215044338014;1
Vereniging Van Eigenaars Witte De Withstraat 17/27 (Oneven) Van Brakelstraat 1/3/3a/3b/5/5a/5b/5c/5d/5e/5f/7/7a/7b En 9 Te 'S-Gravenhage;18;2518VV;3;Zeeheldenkwartier;Centrum;52.08038776131287; 4.294912130906948;3
Vereniging Van Eigenaars Van Zeggelenlaan 341 Tot En Met 351 (Oneven Nummers)En Ledeganckplein 43 Tot En Met 54 (Even En Oneven Nummers)Te S Gravenhage;18;2524CT;43;Laakkwartier en Spoorwijk;Laak;52.05319304510737; 4.318031123419879;2
Vereniging Van Eigenaars Van Het Gebouw Zeekant 38 Tot En Met 43 Te Scheveningen;18;2586AB;38;Scheveningen;Scheveningen;52.10767856262937; 4.272859417618959;1
Vereniging Van Eigenaars Strausslaan 1 T/M 39(Oneven);18;2551NA;1;Waldeck;Loosduinen;52.06087203695109; 4.240953171194754;1
Vereniging Van Eigenaars Springfonteinstraat 1 Tot En Met 39 (Oneven Nummers) Te 'S-Gravenhage;18;2572PK;3;Transvaalkwartier;Centrum;52.06318995589907; 4.294449845844321;1
Vereniging Van Eigenaars Robertaland 8 T/M 42 ( Even ) Te 'S-Gravenhage;18;2591HZ;8;Mariahoeve en Marlot;Haagse Hout;52.09812012247939; 4.36208090700438;1
Vereniging Van Eigenaars Richard Wagnerlaan 53 T/M 87 Te 'S-Gravenhage;18;2555WV;53;Waldeck;Loosduinen;52.06341640472654; 4.238089804975075;1
Vereniging Van Eigenaars Richard Wagnerlaan 17 T/M 51 Te 'S-Gravenhage;18;2555WS;17;Waldeck;Loosduinen;52.06390885087841; 4.237784049422423;2
Vereniging Van Eigenaars Pahudstraat 99 T/M 133 Te 'S-Gravenhage;18;2593TC;99;Bezuidenhout;Haagse Hout;52.086170538019914; 4.34143431407489;2
Vereniging Van Eigenaars Oranjeplein Te 'S-Gravenhage;18;2515JR;20;Stationsbuurt;Centrum;52.07158845015456; 4.312013863505179;5
Vereniging Van Eigenaars Nieuwe Parklaan 144/ Berkenbosch, Blokstraat 2 Te Scheveningen;18;2586HG;2;Scheveningen;Scheveningen;52.10972798598671; 4.284660697975083;2
Vereniging Van Eigenaars Mollenberch Boekhorststraat;18;2512CS;68;Centrum;Centrum;52.073137913832426; 4.310526002773729;3
Vereniging Van Eigenaars Mesdagstraat 38 T/M 72 Te 'S-Gravenhage;18;2596XX;38;Benoordenhout;Haagse Hout;52.08878371781747; 4.318794556830816;1
Vereniging Van Eigenaars Louise Henriette Den Haag;18;2595TH;2;Bezuidenhout;Haagse Hout;52.08211790957915; 4.335652926890432;1
Vereniging Van Eigenaars King Olivereiland 2 Tot En Met 22 (Doorlopend Genummerd) En 23 Te 'S-Gravenhage;18;2551JW;3;Waldeck;Loosduinen;52.057186198349136; 4.239729324244571;1
Vereniging Van Eigenaars King Olivereiland 122 Tot En Met 144 (Doorlopend Genummerd) Te 'S-Gravenhage;18;2551JR;124;Waldeck;Loosduinen;52.057671182802565; 4.239410114193579;1
Vereniging Van Eigenaars Jonckbloetplein 9 T/M 24 En De Genestetlaan 122 T/M 136 (Even) Te 'S-Gravenhage;18;2523AR;10;Laakkwartier en Spoorwijk;Laak;52.059025773305535; 4.3218495215499;2
Vereniging Van Eigenaars Joan Maetsuykerstraat113/147 Te 'S-Gravenhage;18;2593ZE;113;Bezuidenhout;Haagse Hout;52.086785743902986; 4.339703000592733;2
Vereniging Van Eigenaars Jan Van Beersstraat 25 T/M 55 Hoek Bragastraat 161 En Hoek Scheppingstraat 64;18;2523JR;25;Laakkwartier en Spoorwijk;Laak;52.0556303850942; 4.322997195682852;3
Vereniging Van Eigenaars Harmelenstraat 60 tot en met 94 te 's-Gravenhage;18;2546EE;60;Leyenburg;Escamp;52.05797693048662; 4.270865303512744;1
Vereniging Van Eigenaars Flatgebouw Veenendaalkade 289 Tot En Met 325 (Oneven Nummers) Te 'S-Gravenhage;18;2547AH;289;Leyenburg;Escamp;52.05968292715647; 4.268899189957744;2
Vereniging Van Eigenaars Flatgebouw Veenendaalkade 251 Tot En Met 287 (Oneven Nummers) Te 'S-Gravenhage;18;2547AG;251;Leyenburg;Escamp;52.05997915048223; 4.2694178440972195;2
Vereniging Van Eigenaars Flatgebouw Paulinastraat Nummers 38 Toten Met 78 (Even Nummers) Te 'S-Gravenhage;18;2595GJ;38;Bezuidenhout;Haagse Hout;52.084157433746384; 4.335872445670128;2
Vereniging Van Eigenaars Dunklerstraat 2/36 Te 'S-Gravenhage;18;2517SW;2;Duinoord;Scheveningen;52.08401855951694; 4.276713355184166;1
Vereniging Van Eigenaars Dorkewater/Wilmerwater Te S Gravenhage;18;2497XX;1;Ypenburg;Leidschenveen-Ypenburg;52.03719226653411; 4.368486410681039;2
Vereniging Van Eigenaars De Waterspin Te 'S-Gravenhage;18;2512ES;34;Centrum;Centrum;52.07287347991373; 4.304051430769532;2
Vereniging Van Eigenaars De Rade 8 Tot En Met 54(Even Nummers) Te Den Haag;18;2544JH;20;Bouwlust/Vrederust;Escamp;52.04690469731879; 4.259517619439254;1
Vereniging Van Eigenaars De Gaarde 386 Tot En Met 404 En 430 Tot En Met 452 En 466/Ambachtsgaarde 6 Tot En Met 12 Te 'S-Gravenhage;18;2542CS;394;Bouwlust/Vrederust;Escamp;52.0358360819996; 4.266642118469176;2
Vereniging Van Eigenaars Complex Woningen Mythos Aan De Calliopestraat Te 'S-Gravenhage;18;2511GE;7;Centrum;Centrum;52.080099670388215; 4.31863193907658;2
Vereniging Van Eigenaars Complex Parabel Aan De Calliopestraat Te 'S-Gravenhage;18;2511GE;37;Centrum;Centrum;52.07990075466144; 4.318987339717167;1
Vereniging Van Eigenaars Complex Noordwal Nummers 4 En 10, Torenstraat Nummer 187 En Pieterstraat Nummers 15 Tot En Met 57 (Oneven) En 63;18;2513BX;21;Centrum;Centrum;52.07966849243592; 4.303830574950404;1
Vereniging Van Eigenaars Complex Aubade Aan De Calliopestraat Te'S-Gravenhage;18;2511GH;16;Centrum;Centrum;52.080164496067546; 4.319135467380241;1
Vereniging Van Eigenaars Centrumplan Ypenburg Blok B Te 'S-Gravenhage;18;2496SC;12;Ypenburg;Leidschenveen-Ypenburg;52.04121306855249; 4.368644198441275;3
Vereniging Van Eigenaars Burgemeester De Monchyplein/Burgemeester Marijnenlaan/Burgemeester Kolfschotenlaan, Gebouw Delphi-Woningen Te S Gravenhage;18;2585BC;3;Archipelbuurt;Centrum;52.089596232918225; 4.305273173816254;4
Vereniging Van Eigenaars Borweg Te 'S-Gravenhage;18;2597JN;169;Westbroekpark en Duttendel;Scheveningen;52.10306015260822; 4.299038414675344;1
Vereniging Van Eigenaars Blois Van Treslongstraat 40, Ruychaverstraat 4 T/M 40 Te 'S-Gravenhage;18;2581VS;6;Geuzen- en Statenkwartier;Scheveningen;52.08961514132267; 4.269636030105975;1
Vereniging Van Eigenaars Appartementengebouw Vogelweide Blok 20;18;2496NM;19;Ypenburg;Leidschenveen-Ypenburg;52.04446739480871; 4.372368597072451;2
Vereniging Van Eigenaars Appartementengebouw Bella Vista;18;2496PX;2;Ypenburg;Leidschenveen-Ypenburg;52.04286034058129; 4.370147187289464;3
VVE van gebouw IJsselsteinstraat 29 tot en met 39, 43 tot en met 53 en 57 tot en met 67 ( oneven nummers ) te 's-Gravenhage;18;2546XC;29;Leyenburg;Escamp;52.060827901520696; 4.275012106150942;1
V.V.E. Dedemsvaartweg 753-787 Te 'S-Gravenhage;18;2545DL;753;Bouwlust/Vrederust;Escamp;52.04416140770506; 4.27205640176158;1
"""Vereniging Van Eigenaars Woningen Stalpertstraat 115 Tot En Met 151 En Garages Stalpertstraat 153 Tot En Met 175 Te 'S-Gravenhage""";18;2597RS;115;Benoordenhout;Haagse Hout;52.104785005944336; 4.32253628104785;1
"""Vereniging Van Eigenaars Van Woonappartementen Hengelolaan 174,176 En 178 Te 'S-Gravenhage""";18;2545JT;174;Morgenstond;Escamp;52.05010792819126; 4.275168903516886;1
vve v. kinsbergenstr 42, 46, 46b, 46c, 46d, 48, 50, 52, 54, 56, 58, 58a, 58c, 60, 62, 64, 66, 68 en 68a en stallinggarage v kinsbergenstr 58b te den haag;17;2518GZ;42;Zeeheldenkwartier;Centrum;52.08101653523893; 4.294823157019004;2
vereniging van eigenaars woningen erasmusweg (blok 27) 's-gravenhage;17;2542PL;1933;Bouwlust/Vrederust;Escamp;52.03549620588171; 4.270122524248867;1
Vereniging van eigenaars Hogewal 1 t/m 10 en Maziestraat 7 t/m 17 te 's-Gravenhage;17;2514HA;2;Centrum;Centrum;52.083503595453365; 4.303949528069992;2
Vereniging van Eigenaren Boomsluiterskade 380 Tot En Met 385 (Even En Oneven Nummers) En Ammunitiehaven 825 Tot En Met 861 (Oneven Nummers) Te 'S-Gravenhage;17;2511VG;380;Stationsbuurt;Centrum;52.078483563450824; 4.324107343372924;2
Vereniging van Eigenaars ondersplitsing ZuidDuin blok 1 te Scheveningen;17;2583LL;445;Scheveningen;Scheveningen;52.096086036277896; 4.25948062118535;1
Vereniging van Eigenaars Thomsonlaan 105, 105 A tot en met 105 G, 107, 107 A tot en met 107 G en 109 te 's-Gravenhage;17;2565HZ;105;Bomen- en Bloemenbuurt;Segbroek;52.078426098630636; 4.26781462986608;1
Vereniging van Eigenaars The Mauritz te 's-Gravenhage;17;2514HN;124;Centrum;Centrum;52.08487582434104; 4.30815839981939;1
Vereniging van Eigenaars Sumatrastraat 45 tot en met 83 (oneven nummers);17;2585CM;45;Archipelbuurt;Centrum;52.092074431947125; 4.3052653791802244;2
Vereniging van Eigenaars Mimosastraat 13/49 (oneven nummers), Campunalastraat 12 te 's-Gravenhage;17;2555DN;15;Bohemen en Meer en Bos;Loosduinen;52.068009979274976; 4.235099418582867;2
Vereniging van Eigenaars Drouwenstraat 6 tot en met 46 (even nummers) te 's-Gravenhage;17;2545WK;10;Morgenstond;Escamp;52.05128752871086; 4.2725756764475875;1
Vereniging van Eigenaars De Hofstad, Laan vanMeerdervoort 94/94-A en Zoutmanstraat 98 t/m 106 (even nummers) te 's-Gravenhage;17;2517AR;94;Zeeheldenkwartier;Centrum;52.0838208731276; 4.292463995857203;2
Vereniging van Eigenaars Capadosestraat 9 tot en met 9h, 9j tot en met 9m en Bresterstraat 71 tot en met 83 (oneven nummers) te 's-Gravenhage te 's-Gravenhage;17;2523AB;9;Laakkwartier en Spoorwijk;Laak;52.05848011172114; 4.318817695607935;2
Vereniging Vve Hendrik Mandestraat 37/65(Oneven) 'S-Gravenhage;17;2531TV;37;Moerwijk;Escamp;52.0537682129926; 4.302511900746684;2
Vereniging Van Eigenaren Uddelstraat 62,Harderwijkstraat 253 T/M 281(Oneven Nummers)Te 'S-Gravenhage;17;2573ZH;253;Rustenburg en Oostbroek;Escamp;52.06221352003671; 4.28650189144964;1
Vereniging Van Eigenaren Soestdijksekade 868 T/M 898 (Even Nrs) Barneveldstraat 83 85 En Staverdenstraat 84 Te S Gravenhage;17;2573WC;85;Rustenburg en Oostbroek;Escamp;52.0606908520756; 4.288846294717847;2
Vereniging Van Eigenaren Pieter Meinersstraat 72 T/M 106 Te 'S-Gravenhage;17;2597VM;72;Benoordenhout;Haagse Hout;52.09521365678042; 4.330371032496215;1
Vereniging Van Eigenaren Pasteurplein 1 T/M 6 Van Musschenbroek-Straat 72/94 Te 'S-Gravenhage;17;2522RA;1;Laakkwartier en Spoorwijk;Laak;52.06271940043309; 4.3287967734991355;2
Vereniging Van Eigenaren Mient 77/111 (Oneven) Te 'S-Gravenhage;17;2563TM;1;Valkenboskwartier;Segbroek;52.071158797576636; 4.269824960679522;2
Vereniging Van Eigenaren Flatgebouw Van Galenstraat 14 Te 'S-Gravenhage;17;2518EP;14;Zeeheldenkwartier;Centrum;52.08160634312831; 4.296556465020878;1
Vereniging Van Eigenaars Woningen V. Brakelsraat 24 T/M 50b (Evennrs) En 50d T/M 82b (Even Nrs) En Stallinggarage V. Brakelstr 50c Te Den Haag;17;2518VZ;24;Zeeheldenkwartier;Centrum;52.080820551848625; 4.293870293131772;3
Vereniging Van Eigenaars Vier Heemskinderenstraat 88 T/M 122 Te 'S-Gravenhage;17;2531CE;90;Moerwijk;Escamp;52.05602379330742; 4.299151696048272;1
Vereniging Van Eigenaars Vermeerstraat 134 Tot En Met 166 En 172 (Even) Te S Gravenhage;17;2525VN;134;Schildersbuurt;Centrum;52.063029890532654; 4.3090340454103115;2
Vereniging Van Eigenaars Stationsweg 4 En Groenewegje 143 Tot En Met 143;17;2515NC;143;Stationsbuurt;Centrum;52.07375692318136; 4.3177839207975;1
Vereniging Van Eigenaars Scholekstersingel 54 Tot En Met 62 (Even Nummers) En De Weidevogellaan 126 Tot En Met 236 (Even Nummers) Te S Gravenhage;17;2496MR;54;Ypenburg;Leidschenveen-Ypenburg;52.04636795161791; 4.3739558844061595;2
Vereniging Van Eigenaars Schipborgstraat 57 Tot En Met 97(Onevennummers)Te 'S-Gravenhage;17;2541PM;57;Morgenstond;Escamp;52.0420400436394; 4.279503010100761;1
Vereniging Van Eigenaars Mauritskade 41 T/M 41g En Louis Couperusplein 65 T/M 73 te 'S-Gravenhage;17;2514HE;41;Centrum;Centrum;52.08556188971456; 4.309530729763173;2
Vereniging Van Eigenaars Malakkastraat 130 Tot En Met 136c Te 'S-Gravenhage Thans Vereniging Couperus-Duin-Archipel Zie Akte Dl 12119/18;17;2585SV;130;Archipelbuurt;Centrum;52.090574546198404; 4.299552697830663;1
Vereniging Van Eigenaars Majubastraat 2, 2a T/M H, J,K En M Te S-Gravenhage;17;2572NW;2;Transvaalkwartier;Centrum;52.061919155708786; 4.295379088704842;1
Vereniging Van Eigenaars Flatgebouw Groenegracht Gelegen Aan Hetgroenewegje Te 'S-Gravenhage;17;2515NC;163;Stationsbuurt;Centrum;52.07423627464946; 4.318691487029021;1
Vereniging Van Eigenaars Delftgraaf 1 (Honselersdijkstraat, Wateringsestraat En Zoutkeetsingel);17;2512RK;7;Schildersbuurt;Centrum;52.07125185083444; 4.29971274468945;2
Vereniging Van Eigenaars Bezuidenhoutseweg 93,93a Tot En Met 93d/95, 95a Tot En Met 95e/97, 97a Tot En Met 97d Te S Gravenhage;17;2594AC;93;Bezuidenhout;Haagse Hout;52.08464100662644; 4.328657275327488;1
Vereniging Van Eigenaars Bachmanstraat 37 Tot En Met 77 (Oneven Nummers) Te 'S-Gravenhage;17;2596JB;37;Benoordenhout;Haagse Hout;52.09224143261443; 4.312516385467547;1
Vereniging Van Eigenaars Appartementengebouw Vogelweide Blok 52;17;2496NW;84;Ypenburg;Leidschenveen-Ypenburg;52.04543217130535; 4.373369591988853;2
Vereniging Van Eigenaars Appartementengebouw Bellefleur;17;2496PJ;2;Ypenburg;Leidschenveen-Ypenburg;52.04306458449391; 4.37392734186731;2
Vereniging Van Eigenaars 2e Schuytstraat 290/326 Te 'S-Gravenha-Ge;17;2517TT;292;Duinoord;Scheveningen;52.083348828711635; 4.277437963934385;3
Vereniging Van Eigenaars 'S-Gravenduyn Blok 4.5 Aan De Groningsestraat 245 Tot En Met 279 (Oneven Nummers) Te 'S-Gravenhage;17;2587PG;247;Belgisch Park;Scheveningen;52.113856702466755; 4.292425330050433;1
Vereniging Van Eigenaars 'S-Gravenduyn Blok 4.2 Aan De Groningsestraat 133 Tot En Met 167 (Oneven Nummers) Te 'S-Gravenhage;17;2587PC;135;Belgisch Park;Scheveningen;52.11403280449754; 4.291008671723743;1
Vereniging Van Eigenaars 'S-Gravenduyn Blok 4.1 Aan De Groningsestraat 93 Tot En Met 127 (Oneven Nummers) Te 'S-Gravenhage;17;2587PB;95;Belgisch Park;Scheveningen;52.11406319673874; 4.290208691381571;1
VVE van gebouw Werkshovenstraat 3 tot en met 15, 15a, 15b, 17, 17a, 17b, 19 tot en met 29 (oneven nummers ) te 's-Gravenhage;17;2546VA;3;Leyenburg;Escamp;52.05965030097356; 4.2754657960289135;1
"""Vereniging van eigenaars Ganzenplantsoen 1 tot en met 13, Weidevogellaan 46 tot en met 58 en Graspieperlaan 2 tot en met 6 te s-Gravenhage"".";17;2496LA;1;Ypenburg;Leidschenveen-Ypenburg;52.05044454458095; 4.381654685423287;3
"""Vereniging Van Eigenaars 'S-Gravenzandelaan Blok I Te 'S-Gravenhage";17;2512JM;4;Schildersbuurt;Centrum;52.07201023760684; 4.299316124976756;1
vereniging van eigenaars gebouw Nieuwe Molstraat 6-8,2512 BK 's-Gravenhage;16;2512BK;6;Centrum;Centrum;52.074512891851; 4.313560599070753;1
Vve Parkappartementen;16;2496VG;94;Ypenburg;Leidschenveen-Ypenburg;52.04840028942832; 4.368087998592997;1
Vve Appartementengebouw Statenkwartier Te 'S-Gravenhage;16;2584AK;36;Geuzen- en Statenkwartier;Scheveningen;52.098970095988435; 4.278688185120324;1
Vereniging van ondereigenaars torenwoningen Scheldestraat Eden te 's-Gravenhage;16;2515TG;104;Stationsbuurt;Centrum;52.07572389236753; 4.326236254954007;1
Vereniging van ondereigenaars Podium ii woningen Melis Stokelaan te s Gravenhage;16;2541GC;1902;Bouwlust/Vrederust;Escamp;52.04021306329194; 4.268746682731163;2
"Vereniging van eigenaars gebouw ""NOI 14'' gelegen aan de Laan van Nieuw-Oost Indië 14-16 te 's-Gravenhage";16;2593BT;14;Bezuidenhout;Haagse Hout;52.08739404704297; 4.336089411244641;1
Vereniging van eigenaars Weimarstraat 112, 114, 120 en 122, Kepplerstraat 153 en 161;16;2562HB;112;Regentessekwartier;Segbroek;52.07603525213133; 4.281726512971023;3
Vereniging van eigenaars Spinoza Gedempte Gracht nummers 403 tot en met 435 te s-Gravenhage;16;2512AM;403;Centrum;Centrum;52.076622371060374; 4.315178051969199;1
Vereniging van Ondereigenaars Gebouw schoutendreef 1 tot en met 35 (oneven nummers) te 's-Gravenhage;16;2542LA;1;Bouwlust/Vrederust;Escamp;52.03384675090615; 4.2655337807434535;1
Vereniging van Ondereigenaars Gebouw Schoutendreef 77 tot en met 111 (oneven nummers) te 's-Gravenhage;16;2542LC;77;Bouwlust/Vrederust;Escamp;52.03314025299775; 4.263970330105168;1
Vereniging van Ondereigenaars Gebouw Schoutendreef 39 tot en met 73 (oneven nummers) te s Gravenhage;16;2542LB;39;Bouwlust/Vrederust;Escamp;52.03361195699301; 4.264720187559817;1
Vereniging van Ondereigenaars Gebouw Schoutendreef 191 tot en met 225 (oneven nummers) te s Gravenhage;16;2542LG;191;Bouwlust/Vrederust;Escamp;52.03229724593885; 4.2618103720937155;1
Vereniging van Ondereigenaars Gebouw Schoutendreef 153 tot en met 187 (oneven nummers) te s Gravenhage;16;2542LE;153;Bouwlust/Vrederust;Escamp;52.032481980380155; 4.2625116684662325;1
Vereniging van Ondereigenaars Gebouw Schoutendreef 115 tot en met 149 (oneven nummers) te 's-Gravenhage;16;2542LD;115;Bouwlust/Vrederust;Escamp;52.032955788148186; 4.263262452558517;1
Vereniging van Ondereigenaars Gebouw Jonkersdreef 6 tot en met 40 (even nummers) te 's-Gravenhage;16;2542XC;6;Bouwlust/Vrederust;Escamp;52.032950776214406; 4.2624862702684325;1
Vereniging van Ondereigenaars Gebouw Drostendreef 6 tot en met 40 (even nummers) te 's-Gravenhage;16;2542VZ;6;Bouwlust/Vrederust;Escamp;52.03360678258318; 4.263940092114229;1
Vereniging van Ondereigenaars Gebouw De Dreef 128 tot en met 162 (oneven nummers) te s Gravenhage;16;2542NL;128;Bouwlust/Vrederust;Escamp;52.03229087346176; 4.261032982082434;1
Vereniging van Eigenaren Juliana van Stolberglaan 11 tot en met 41 oneven nummers te 's-Gravenhage;16;2595CA;11;Bezuidenhout;Haagse Hout;52.08289797769266; 4.336141837993026;1
Vereniging van Eigenaars ondersplitsing gebouw Chopinstraat 58 tot en met 92 (even nummers) te 's-Gravenhage;16;2551SX;58;Waldeck;Loosduinen;52.05536376035056; 4.234781497491998;2
Vereniging van Eigenaars Woningen Gebouw B Julia's Park aan de Thérèse Schwartzestraat te Den Haag;16;2597XK;151;Benoordenhout;Haagse Hout;52.09826653398442; 4.337580112327584;1
Vereniging van Eigenaars Winkel-/Woninggebouw Willem Royaardsplein 1 tot en met 12, Theo Mann-Bouwmeesterlaan 3 tot en met 49, Van Neckstraat 134 t/m 154 en Stalpertstraat 115 t/m 185 te 's-Gravenhage;16;2597GV;19;Benoordenhout;Haagse Hout;52.104896620394115; 4.323745353256642;1
Vereniging van Eigenaars Rijswijkse Landingslaan 322 tot en met 352 te 's-Gravenhage;16;2497TJ;322;Ypenburg;Leidschenveen-Ypenburg;52.03791762294278; 4.36828419263939;1
Vereniging van Eigenaars Raamstraat 41/43 te 's-Gravenhage;16;2512BZ;41;Centrum;Centrum;52.075332363892066; 4.310405369687186;1
Vereniging van Eigenaars Nieuwe Parklaan 97 te 's-Gravenhage;16;2587BN;97;Westbroekpark en Duttendel;Scheveningen;52.1076802013865; 4.289898137889662;1
Vereniging van Eigenaars Molenijserstraat 7 tot en met 37 en Nieuwe Laantjes 6 tot en met 30 te 's-Gravenhage;16;2584RA;7;Scheveningen;Scheveningen;52.1060191918937; 4.273052898259321;1
Vereniging van Eigenaars Laan Copes van Cattenburch 69 te 's-Gravenhage;16;2585EW;69;Archipelbuurt;Centrum;52.09089336979926; 4.3053448416183935;1
Vereniging van Eigenaars Kepplerstraat 59 A/B/C/D/E/F/G/H/J/K/L/M/N/P/Q/R te 's-Gravenhage;16;2562VG;59;Regentessekwartier;Segbroek;52.07684871227378; 4.284064061177776;1
Vereniging van Eigenaars Johannes Camphuijsstraat nummer 163 te s-Gravenhage;16;2593CL;163;Bezuidenhout;Haagse Hout;52.083847910457415; 4.340751170118484;1
Vereniging van Eigenaars Het Kleine Loo 7 toe en met 43 (oneven nummers) en Tarwekamp 8, 10 en 12 te 's-Gravenhage;16;2592BW;7;Mariahoeve en Marlot;Haagse Hout;52.088697798319814; 4.352333827875626;1
Vereniging van Eigenaars Het Kleine Loo 45 tot en met 81 (oneven nummers) en Tarwekamp 14, 16 en 18 te 's-Gravenhage;16;2592BX;45;Mariahoeve en Marlot;Haagse Hout;52.08892045021436; 4.352783594058769;1
Vereniging van Eigenaars Goudsbloemlaan 226 tot en met 260 (even nummers) en Stokroosstraat 311 tot en met 325 (oneven nummers) te 's-Gravenhage;16;2565DA;226;Bomen- en Bloemenbuurt;Segbroek;52.07684178982945; 4.256496775690271;1
Vereniging van Eigenaars Gerstkamp 2 tot en met 36 (even nummers) Tarwekamp, 2, 4 en 6 en Het Kleine Loo 5 te 's-Gravenhage;16;2592CS;2;Mariahoeve en Marlot;Haagse Hout;52.08847650415985; 4.351884311946666;1
Vereniging van Eigenaars Dedemsvaartweg 587 tot en met 617 (oneven) te 2545 DJ 's-Gravenhage;16;2545DJ;587;Bouwlust/Vrederust;Escamp;52.04513346780146; 4.270841020988249;1
Vereniging van Eigenaars De La Reyweg 143 tot en met 177 (oneven) te 's-Gravenhage;16;2571EC;143;Rustenburg en Oostbroek;Escamp;52.06845648465246; 4.2854265333584625;2
Vereniging van Eigenaars Complex Park Hoog Oostduin aan het Oostduinplein 1 tot en met 275 te Den Haag;16;2596JS;231;Benoordenhout;Haagse Hout;52.094450622007386; 4.315143574158213;1
Vereniging van Eigenaars Bezuidenhoutseweg 277 tot en met 307 's-Gravenhage;16;2594AP;277;Bezuidenhout;Haagse Hout;52.08967579141595; 4.3390154086202335;1
Vereniging van Eigenaars Azaleastraat 5/35 te 's-Gravenhage;16;2565CC;5;Bomen- en Bloemenbuurt;Segbroek;52.07396834027955; 4.262482689228193;1
Vereniging Van Eigenaren Zonnebloemstraat 161/207 Te 'S-Gravenhage;16;2565RT;165;Bomen- en Bloemenbuurt;Segbroek;52.073661531631295; 4.25409309117622;1
Vereniging Van Eigenaren Wantsnijdersgaarde 459 T/M 493, Ambachtsgaarde 26-28 Te 'S-Gravenhage;16;2542GL;459;Bouwlust/Vrederust;Escamp;52.03502510532312; 4.267045180739647;1
Vereniging Van Eigenaren Soestdijksekade 992 1022 Te 'S-Gravenhage;16;2574EM;992;Rustenburg en Oostbroek;Escamp;52.06013441232946; 4.2907858146614934;1
Vereniging Van Eigenaren Hengelolaan 1104 T/M 1138 (Even Nrs.) Te 'S-Gravenhage;16;2544GP;1104;Bouwlust/Vrederust;Escamp;52.04120007588594; 4.25707745027693;1
Vereniging Van Eigenaren Hengelolaan 1060 T/M 1102 Even Te 'S-Gravenhage;16;2544GN;1068;Bouwlust/Vrederust;Escamp;52.041373926359846; 4.257552109885951;1
Vereniging Van Eigenaren Hengelolaan 1024 T/M 1058 (Even Nrs.) Te 'S-Gravenhage;16;2544GM;1024;Bouwlust/Vrederust;Escamp;52.04165251799589; 4.2578698224658975;1
Vereniging Van Eigenaren Goudenregenstraat 308 T/M 338 En Sport-Laan 730 T/M 730c Te S Gravenhage;16;2565GG;308;Bomen- en Bloemenbuurt;Segbroek;52.07984491598908; 4.260452246917923;1
Vereniging Van Eigenaren Goudenregenstraat 295 T/M 325 En Sport-Laan 728 T/M 728c Te S Gravenhage;16;2565EW;295;Bomen- en Bloemenbuurt;Segbroek;52.08000863486382; 4.260806361468549;1
Vereniging Van Eigenaren Fahrenheitstraat 711/745 Te 'S-Gravenhage;16;2561DE;711;Bomen- en Bloemenbuurt;Segbroek;52.080728158046945; 4.267617424998576;1
Vereniging Van Eigenaren Egelantierstraat 2 T/M 32 Even Nrs. Te 'S-Gravenhage;16;2565XK;2;Bomen- en Bloemenbuurt;Segbroek;52.07557999652092; 4.267087270015616;1
Vereniging Van Eigenaren De La Reyweg 761 791 Te 'S-Gravenhage;16;2571EV;761;Rustenburg en Oostbroek;Escamp;52.06060235063207; 4.291537427446511;2
Vereniging Van Eigenaren Ary Schefferstraat 45 T/M 59 (Fictief) Te 'S-Gravenhage;16;2597VN;45;Benoordenhout;Haagse Hout;52.093958371046305; 4.332489389846894;2
Vereniging Van Eigenaarswoningen Theo Mann-Bouwmeesterlaan 19 Tot En Met 49 Te S Gravenhage;16;2597GV;19;Benoordenhout;Haagse Hout;52.104896620394115; 4.323745353256642;1
Vereniging Van Eigenaars Weidevogellaan;16;2496HA;1;Ypenburg;Leidschenveen-Ypenburg;52.0511293511175; 4.384185116226864;2
Vereniging Van Eigenaars Vreeswijkstraat 396 T/M 410 En Leyweg 574 T/M 588;16;2546CJ;396;Morgenstond;Escamp;52.05426117728115; 4.2702951579182;2
Vereniging Van Eigenaars Veenendaalkade 562 T/M 596 Te 'S-Gravenhage;16;2547BD;562;Leyenburg;Escamp;52.05794644650624; 4.267527741741558;2
Vereniging Van Eigenaars Van Statenlaan 47 T/M 49 En Frederik Hendriklaan 119ete S Gravenhage;16;2582GD;47;Geuzen- en Statenkwartier;Scheveningen;52.09313454791361; 4.275813474518842;2
Vereniging Van Eigenaars Van Het Gebouw Boekhorststraat 16 T/M 26 Even Te 'S-Gravenhage Gevestigd Te 'S-Gravenhage;16;2512CR;18;Centrum;Centrum;52.07450545443366; 4.309266104992887;1
Vereniging Van Eigenaars Van Gebouw Hengelolaan 980 Tot En Met 1022 Te S Gravenhage;16;2544GL;988;Bouwlust/Vrederust;Escamp;52.041826490125075; 4.258347198096754;2
Vereniging Van Eigenaars Van Gebouw Hengelolaan 944 Tot En Met 978 Te S Gravenhage;16;2544GK;944;Bouwlust/Vrederust;Escamp;52.04211184468062; 4.258663611332597;2
Vereniging Van Eigenaars Van Gebouw Hengelolaan 900 Tot En Met 942 Te S Gravenhage;16;2544GK;908;Bouwlust/Vrederust;Escamp;52.04228482081208; 4.259144328934307;1
Vereniging Van Eigenaars Van Gebouw Hengelolaan 864 Tot En Met 898 Te S Gravenhage;16;2544GJ;864;Bouwlust/Vrederust;Escamp;52.04256403719731; 4.259460161593877;1
Vereniging Van Eigenaars Van Der Vennestraat/Hoek Terwestenstraat/Hoek Honthorststraat Te S Gravenhage;16;2525CC;111;Schildersbuurt;Centrum;52.06622526324596; 4.301812807391554;1
Vereniging Van Eigenaars Thorbeckelaan 50 T/M 80 (Even) Te 'S-Gravenhage;16;2564BR;50;Waldeck;Loosduinen;52.06317420586593; 4.258274970660781;2
Vereniging Van Eigenaars Soestdijksekade 33/63 Te 'S-Gravenhage;16;2574AB;33;Leyenburg;Escamp;52.06608927751922; 4.270131952882457;1
Vereniging Van Eigenaars Soestdijksekade 1 T/M 31 (Oneven), Loosduinsekade 509 Te 'S-Gravenhage;16;2574AA;1;Leyenburg;Escamp;52.06632359291257; 4.269939053807309;1
Vereniging Van Eigenaars Salvador Allendestraat 59/113 Te S Gravenhage;16;2552NB;59;Loosduinen;Loosduinen;52.06040875165457; 4.25878075785311;2
Vereniging Van Eigenaars Rijswijkseweg/Van Leeuwenhoekstraat Te 'S-Gravenhage;16;2516GD;19;Laakkwartier en Spoorwijk;Laak;52.068709803934; 4.327682155219739;2
Vereniging Van Eigenaars Residence Metropole Aan De Carnegielaan 16 Te 'S-Gravernhage;16;2517KH;24;Zeeheldenkwartier;Centrum;52.085053128793675; 4.29386856152692;1
Vereniging Van Eigenaars Parkapprtementen Guirlande Huisnummers Nog Onbekend Te Nootdorp;16;2496WV;174;Ypenburg;Leidschenveen-Ypenburg;52.04955182111259; 4.368384960460605;1
Vereniging Van Eigenaars Parkapppartementen Boswijk Te Nootdorp;16;2496VC;22;Ypenburg;Leidschenveen-Ypenburg;52.046956200373444; 4.370440296352159;1
Vereniging Van Eigenaars Museumflat Stadhouderslaan 84 T/M 90c Te 'S-Gravenhage;16;2517JB;84;Geuzen- en Statenkwartier;Scheveningen;52.08914860150635; 4.279032104453205;1
Vereniging Van Eigenaars Lopikplein/Werkhovenstraat Te 'S-Gravenhage;16;2546EL;13;Leyenburg;Escamp;52.05892077223329; 4.271220902503704;2
Vereniging Van Eigenaars Landingslaan Amvest, Swy En Srk Te 'S-Gravenhage;16;2497TK;358;Ypenburg;Leidschenveen-Ypenburg;52.03827032477504; 4.368822746204106;1
Vereniging Van Eigenaars Jutfaasstraat 4 T/M 18 En 22 T/M 36 Te 'S-Gravenhage;16;2546XZ;4;Leyenburg;Escamp;52.06094529757654; 4.280129727758336;1
Vereniging Van Eigenaars Ingenhouszstraat 1, 1a En 3 Tot En Met 15 (Oneven Nummers) En Deimanstraat 37 Tot En Met 51 (Oneven Nummers);16;2522AX;1;Laakkwartier en Spoorwijk;Laak;52.06345075126564; 4.3300241218621505;2
Vereniging Van Eigenaars Hugo Verrieststraat 50 T/M 74 ( Even Nummers) Te 'S-Gravenhage;16;2524CG;50;Laakkwartier en Spoorwijk;Laak;52.05430903299639; 4.316944214595643;1
Vereniging Van Eigenaars Gerrit Van Der Veenlaan 250 Tot En Met 262 (Even Nummers) 266 Tot En Met 280 (Even Nummers En 284 Te 'S-Gravenhage;16;2552WL;250;Loosduinen;Loosduinen;52.05557298239088; 4.246485958453016;1
Vereniging Van Eigenaars Gerrit Van Der Veenlaan 230 T/M 242 (Even Nummers) En 246 En Albert Termotestraat 5,9 T/M 21 (Oneven Nummers) Te 'S- Gravenhage;16;2552WB;5;Loosduinen;Loosduinen;52.05533276612068; 4.246990204186393;2
Vereniging Van Eigenaars Gebouw Willemstraat Ii Te 'S-Gravenhage;16;2512BD;26;Centrum;Centrum;52.073223991086415; 4.314709632433813;2
Vereniging Van Eigenaars Denenburg 9 T/M 51 Te 'S-Gravenhage;16;2591AA;9;Mariahoeve en Marlot;Haagse Hout;52.08984014237417; 4.356302005616079;1
Vereniging Van Eigenaars Charlotte De Bourbonplein 41 T/M 57 Te S Gravenhage;16;2595VC;41;Bezuidenhout;Haagse Hout;52.07774859428972; 4.33206038283683;1
Vereniging Van Eigenaars Broekslootkade 36 T/M 64 (Even Nummers) Vliegwielstraat 67 En Noordpolderkade 502 Te 'S-Gravenhage;16;2516XH;36;Laakkwartier en Spoorwijk;Laak;52.0606246123352; 4.336780885342325;1
Vereniging Van Eigenaars Bakhuizenstraat, Delftselaan En De Vliegerstraat Te 'S-Gravenhage;16;2525BA;1;Schildersbuurt;Centrum;52.06912950932152; 4.2969607557416545;3
Vereniging Van Eigenaars Assendelftstraat 18a Tot En Met 18 B En 20 A Tot En Met 20 P (Even Nummers) Te S Gravenhage;16;2512VV;18;Centrum;Centrum;52.075859293025644; 4.304770786399;1
Vereniging Van Eigenaars Appartementengebouw Vogelweide Blok 114;16;2496NT;2;Ypenburg;Leidschenveen-Ypenburg;52.04460652373175; 4.376274333363453;2
Vereniging Van Eigenaars Anna Paulownastraat 117/Scheveningseweg 14 Te 'S-Gravenhage;16;2518BD;117;Zeeheldenkwartier;Centrum;52.0868819441123; 4.298866727453551;1
Vereniging VAN EIGENAARS CULTURALISCOMPLEX aan de hobbemastraat 120, gerard doustraat 146 tot en met 178 (even nummers), 182 en 184, teniersstraat (ongenummerd), Van Mierisstraat 19 tot en met 49 (one;16;2526NM;21;Schildersbuurt;Centrum;52.0686909384086; 4.303900339871135;3
V.V.E Bakhuizenstraat 260 Tot En Met 278 (Even Nummers) En Van De Veldestraat 13 Tot En Met 29 (Oneven Nummers) En Van De Veldestraat 13 Tot En Met 29 (Oneven Nummers) Te 'S-Gravenhage;16;2525AT;15;Schildersbuurt;Centrum;52.06879169620609; 4.298233185552039;2
(Onder)Vereniging van Eigenaars Korbootstraat 43-A tot en met 43-H, 43-J tot en met 43-N, 43-P, 43-Q en 43-R te 's-Gravenhage;16;2583CV;43;Scheveningen;Scheveningen;52.1020310587936; 4.270767369356053;1
"""Vereniging van eigenaars gebouw genaamd ""Finest of Ockenburgh Blok 5""gelegen aan de Duinvallei 174 tot en met 204(even nummers) te 's-Gravenhage"".";16;2553AB;174;Kijkduin en Ockenburgh;Loosduinen;52.06257023549716; 4.2256382528069905;1
"""Vereniging van eigenaars gebouw genaamd ""Finest of Ockenburgh Blok 4""gelegen aan de Duinvallei 140 tot en met 170 (even nummers) te 's-Gravenhage"".";16;2553AB;140;Kijkduin en Ockenburgh;Loosduinen;52.06234882405112; 4.2251408815944105;1
"""Vereniging van eigenaars gebouw genaamd ""Finest of Ockenburgh Blok 2""gelegen aan de Duinvallei 74 tot en met 104 (even nummers) te 's-Gravenhage";16;2553AB;74;Kijkduin en Ockenburgh;Loosduinen;52.06190563689303; 4.224137209044413;1
"""Vereniging van eigenaars Buizerdlaan 1 en 3, Weidevogellaan 32 tot en met 44 en Ganzenplantsoen 2 tot en met 14 te s-Gravenhage"".";16;2496HE;1;Ypenburg;Leidschenveen-Ypenburg;52.05084768709818; 4.38326154748616;3
"""Vereniging van Eigenaars Cartesiusstraat 40 tot en met 52 en Van Swindenstraat 62 tot en met 84";16;2562SK;42;Regentessekwartier;Segbroek;52.0735832082451; 4.283243407756868;3
""" Vereniging Van Eigenaars Nieuwe Molstraat/Stille Veerkade, Nog Ongenummerd Te 'S-Gravenhage""";16;2512BK;22;Centrum;Centrum;52.07418033661946; 4.3129956376021035;2
"Vereniging van eigenaars gebouw genaamd ""Finest of Ockenburgh Blok 3"" gelegen aan de Duinvallei 108 tot en met 136 (even nummers) te 's-Gravenhage";15;2553AB;108;Kijkduin en Ockenburgh;Loosduinen;52.06212467001837; 4.224650003239805;1
Vereniging van eigenaars complex Katschiplaan 67 tot en met 95 (oneven) te 's-gravenhage;15;2496ZL;67;Ypenburg;Leidschenveen-Ypenburg;52.05363957331064; 4.390418353407833;1
Vereniging van eigenaars Westeinde 51 te 's-Gravenhage;15;2512GV;51;Centrum;Centrum;52.076534801530606; 4.3034649187705645;1
Vereniging van eigenaars Hof van Ostade II te 's-Gravenhage;15;2526BT;325;Schildersbuurt;Centrum;52.06674791206784; 4.309583727184773;1
Vereniging van eigenaars Hof van Ostade I te 's-Gravenhage;15;2526BV;345;Schildersbuurt;Centrum;52.06645861668168; 4.3090285116564635;1
Vereniging van Eigenaars Van Vlotenstraat 49 tot en met 69 (oneven nummers) te 's-Gravenhage;15;2523JB;49;Laakkwartier en Spoorwijk;Laak;52.05472359769631; 4.318086745734498;1
Vereniging van Eigenaars Stadhoudersplantsoen 22/24 te Den Haag;15;2517JL;22;Zorgvliet;Scheveningen;52.087857615447014; 4.282560705087214;1
Vereniging van Eigenaars Slijkeinde 99 tot en met 139 (oneven nummers) te 's-Gravenhage;15;2513VC;101;Centrum;Centrum;52.077269608313536; 4.301393629660417;1
Vereniging van Eigenaars De Ruijterstraat 38, 38-A tot en met 38-H, 38-J tot en met 38-N en 38-P te 's-Gravenhage;15;2518AS;38;Zeeheldenkwartier;Centrum;52.083937093036766; 4.301076473006403;1
Vereniging van Eigenaars Bakkersstraat 309 tot en met 339 (oneven nummers) te 's-Gravenhage;15;2513VX;311;Centrum;Centrum;52.0778099131169; 4.300043600841099;1
Vereniging Vve Hendrik Mandestraat 7/35(Oneven)Te 'S-Gravenhage;15;2531TV;7;Moerwijk;Escamp;52.05360514746116; 4.302065925672273;1
Vereniging Van Ondereigenaren Sirene (Laakhaven);15;2521DZ;2;Laakkwartier en Spoorwijk;Laak;52.06905750571342; 4.3253360217156995;1
Vereniging Van Eigenaren Zilverschoonstraat 1/1a/1b, Lobelialaan22 T/M 38 (Even Nrs.), Cliviastraat 2/2a/2b Te 'S-Gravenhage;15;2555NH;1;Bohemen en Meer en Bos;Loosduinen;52.06529163225049; 4.236542946905642;3
Vereniging Van Eigenaren Theresiastraat 205 T/M 235 Te 'S-Gravenhage;15;2593AJ;207;Bezuidenhout;Haagse Hout;52.08762257687373; 4.340339800031284;1
Vereniging Van Eigenaren Tasmanstraat 139 En Van Speijkstraat 131 T/M 141 Te 'S-Gravenhage;15;2518EX;131;Zeeheldenkwartier;Centrum;52.08251211882865; 4.291386519863078;2
Vereniging Van Eigenaren Kootwijkstraat 52 T/M 80 Te 'S-Gravenhage;15;2573XS;52;Rustenburg en Oostbroek;Escamp;52.066957032508974; 4.2836347666521375;1
Vereniging Van Eigenaren Goudsbloemlaan 14-46 Te 'S-Gravenhage;15;2565CS;14;Bomen- en Bloemenbuurt;Segbroek;52.076468098932594; 4.26217966017515;2
Vereniging Van Eigenaren Goetlijfstraat 42 Tot En Met 86 Te 'S-Gravenhage;15;2596RK;42;Benoordenhout;Haagse Hout;52.09635682491668; 4.315609707213086;1
Vereniging Van Eigenaren Goetlijfstraat 4/38 Te 'S-Gravenhage;15;2596RJ;4;Benoordenhout;Haagse Hout;52.09605462246117; 4.3148524250194225;1
Vereniging Van Eigenaren Fahrenheitstraat 603 t/m 611, Abeelplein 1-2,Beukstraat 133 t/m 153 te 's-Gravenhage;15;2565XZ;133;Bomen- en Bloemenbuurt;Segbroek;52.07846377588335; 4.270477951572221;2
Vereniging Van Eigenaren Ernest Staasstraat 13/41 (Oneven) Te 'Sgravenhage;15;2523KJ;13;Laakkwartier en Spoorwijk;Laak;52.05316650897442; 4.319628365685328;1
Vereniging Van Eigenaren Drogersdijk 18 T/M 46 Te 'S-Gravenhage;15;2584SX;18;Scheveningen;Scheveningen;52.103940926829246; 4.275412273265057;1
Vereniging Van Eigenaren Drijfriemstraat 39 T/M 65 (Oneven)Te ' S-Gravenhage;15;2516XM;39;Laakkwartier en Spoorwijk;Laak;52.06072386530847; 4.33502637475392;2
Vereniging Van Eigenaren De Bullstraat 75,77,79,81,83,85,87,Antheunisstraat 199,201,203,205,209,211,213,215 En Burgersdijkstraat 106 Te 'S-Gravenhage;15;2522WL;75;Laakkwartier en Spoorwijk;Laak;52.05983232747474; 4.3226532293551285;2
Vereniging Van Eigenaren David Blesstraat 84 Tot En Met 106 Te 'S-Gravenhage;15;2526BK;84;Schildersbuurt;Centrum;52.06533449106307; 4.3084029032204025;2
Vereniging Van Eigenaren Dautzenbergstraat 50/72, Tonystraat 2-4-4a Te 'S-Gravenhage;15;2523KM;2;Laakkwartier en Spoorwijk;Laak;52.053733909543006; 4.32033209460223;2
Vereniging Van Eigenaren Cliviastraat 1/1a/1b Lobelialaan 40 T/M56 (Even Nrs.) Aronskelkweg 170/172/174;15;2555NM;1;Bohemen en Meer en Bos;Loosduinen;52.06578471497646; 4.236085639501275;3
Vereniging Van Eigenaren Capadosestraat 258 T/M 286 Te 'S-Gravenhage;15;2523AL;258;Laakkwartier en Spoorwijk;Laak;52.05717353491738; 4.316220565685381;1
Vereniging Van Eigenaren Begoniastraat 3 33 Te S Gravenhage;15;2565SP;5;Bomen- en Bloemenbuurt;Segbroek;52.07644459866669; 4.258505470531548;1
Vereniging Van Eigenaren Aronskelkweg 164/166/168, Lobelialaan 39 T/M 55 (Oneven Nrs.) En Margrietstraat 47/49/51;15;2555PC;39;Bohemen en Meer en Bos;Loosduinen;52.066092617535396; 4.236632960203334;3
Vereniging Van Eigenaren Apeldoornselaan 146 T/M 174 (Even) Te S Gravenhage;15;2573LS;146;Rustenburg en Oostbroek;Escamp;52.06827904481384; 4.282818124230508;1
Vereniging Van Eigenaars Wittebrug Woningen,Govert Bidloostraat 6,8,10,12,14,16,18,20,22,24,9,11,13,15 En 17 Te 'S-Gravenhage;15;2563XG;6;Valkenboskwartier;Segbroek;52.07260225487678; 4.2738993381307795;2
Vereniging Van Eigenaars Willem Iii Straat 248 A Tot En Met 248 H En 376 A Tot En Met 376 G Te 'S-Gravenhage;15;2552BW;248;Loosduinen;Loosduinen;52.05130069763237; 4.233608383315593;2
Vereniging Van Eigenaars Vreeswijkstraat 737/765                Te 'S-Gravenhage;15;2546AT;737;Leyenburg;Escamp;52.05507332354287; 4.271140776166712;2
Vereniging Van Eigenaars Vreeswijkstraat 413 Tot En Met 443 (Oneven Nummers) Te 'S-Gravenhage;15;2546AM;413;Leyenburg;Escamp;52.05729822100283; 4.2749756662521845;1
Vereniging Van Eigenaars Van Ruysbroekstraat 113 T/M 141 Te 'S-Gravenhage;15;2531TJ;113;Moerwijk;Escamp;52.05338645970652; 4.302785218127428;1
Vereniging Van Eigenaars Van Het Gebouw Mollenberch Oog In 'T Zeilstraat;15;2512CC;4;Centrum;Centrum;52.07428091348131; 4.311274901376519;2
"Vereniging Van Eigenaars Van Het Flatgebouw""Klimroos""Aan De Van Beinumstraat 335 T/M 367(Oneven Nrs)";15;2551HW;339;Waldeck;Loosduinen;52.06022221151134; 4.233627223661559;1
Vereniging Van Eigenaars Van Het Flatgebouw Theeroos Jacques Urlusstraat 185 T/M 217 (Oneven Nrs);15;2551HB;189;Waldeck;Loosduinen;52.06101383201331; 4.236018747045785;1
"Vereniging Van Eigenaars Van Het Flatgebouw ""Trosroos""Aan De Richard Holstraat 185 T/M 217(Oneven Nrs)Te 'S-Gravenhage";15;2551HR;189;Waldeck;Loosduinen;52.06048656488212; 4.234427866651262;1
"Vereniging Van Eigenaars Van Het Flatgebouw ""Duinroos""Aan De Catharina Van Rennesstraat 235 T/M 267(Oneven Nrs)Te 'S-Gravenhage";15;2551GL;239;Waldeck;Loosduinen;52.05985529178181; 4.232683714515335;1
Vereniging Van Eigenaars Van De Woningen Complex Casa Uccellini Aan De Grote Halstraat Te 'S-Gravenhage;15;2513AX;24;Centrum;Centrum;52.078267202610476; 4.30834772894096;1
Vereniging Van Eigenaars Sperwersingel 1 Tot En Met 29 (Oneven Nummers) Te Den Haag;15;2496NE;1;Ypenburg;Leidschenveen-Ypenburg;52.044806110732175; 4.376553141459521;1
Vereniging Van Eigenaars Sneeuwbalstraat 28 Tot En Met 56 Te 'S-Gravenhage;15;2565WB;28;Bomen- en Bloemenbuurt;Segbroek;52.07804959386367; 4.265575425285022;2
Vereniging Van Eigenaars Ridderlaan 29/69;15;2596PG;29;Benoordenhout;Haagse Hout;52.097317607689746; 4.314600669375225;1
Vereniging Van Eigenaars Reigersbergenweg 2 T/M 36 ( Even Nrs.) En Jadehorst 1 T/M 15 ( Oneven Nrs.) Te 'S-Gravenhage;15;2592EA;2;Mariahoeve en Marlot;Haagse Hout;52.09323279433087; 4.351196342041114;1
Vereniging Van Eigenaars Nieuwersluisstraat 6 T/M 24 En Harmelenstraat 2,4,6 En 10 Te 'S-Gravenhage;15;2546ED;2;Leyenburg;Escamp;52.058556431740946; 4.270187562301616;2
Vereniging Van Eigenaars Mient 353 Tot En Met 377 (Oneven Nummers) En Perenstraat 1 Te 'S-Gravenhage;15;2564LA;353;Vruchtenbuurt;Segbroek;52.06773271680043; 4.259240024623939;1
Vereniging Van Eigenaars Mient 222 T/M 244(Even),Kornoeljestraat162 164 166 Te 'S-Gravenhage;15;2564LV;162;Vruchtenbuurt;Segbroek;52.066787430859584; 4.257932599470198;2
Vereniging Van Eigenaars Johan Van Oldenbarneveltlaan La Residence 'S-Gravenhage;15;2582NL;91;Geuzen- en Statenkwartier;Scheveningen;52.09874718850121; 4.279561564616988;1
Vereniging Van Eigenaars Hendrik Mandestraat 67 T/M 97 En Van De Ruysbroekstraat 75 Te 'S-Gravenhage;15;2531TW;69;Moerwijk;Escamp;52.05400107673567; 4.303165129407784;1
Vereniging Van Eigenaars Gebouw Prinsegracht 18-28 Te S Gravenhage;15;2512GA;18;Centrum;Centrum;52.074529629880864; 4.3070063646791805;1
Vereniging Van Eigenaars Flatgebouw Citroenstraat 16 T/M 44(Even Nummers)Te 'S-Gravenhage;15;2564PL;16;Vruchtenbuurt;Segbroek;52.0652182778065; 4.258390014034274;2
"Vereniging Van Eigenaars Flatgebouw ""Stokroos""Aan De Denijsstraat 185 T/M 217(Oneven Nrs)Te 'S-Gravenhage";15;2551HJ;189;Waldeck;Loosduinen;52.06074927130194; 4.235222436517734;1
Vereniging Van Eigenaars De Nieuwe Bazar Bazarlaanlaan 26 Tot En Met 42 (Even Nummers) En Dorus Rijkersplein 14 Tot En Met 22 (Doorlopend) Te S Gravenhage;15;2518DA;15;Zeeheldenkwartier;Centrum;52.08411351462709; 4.301976930370977;2
Vereniging Van Eigenaars Complex Westlandseplein, Ter Heijdestraat En Wteringsestraat Te 'S-Gravenhage;15;2512SE;1;Schildersbuurt;Centrum;52.070113764510914; 4.29661351851791;4
Vereniging Van Eigenaars Complex Thuishaven Aan De Neptunusstraat 1f Tot En Met 1w Te 'S-Gravenhage;15;2586GP;1;Scheveningen;Scheveningen;52.10663051957899; 4.280763142548254;1
Vereniging Van Eigenaars Burgemeester De Monchyplein Te 'S-Gravenhage Gebouw Olympus;15;2585DL;298;Archipelbuurt;Centrum;52.089655273455136; 4.30427917747287;1
Vereniging Van Eigenaars Appartementengebouw Waldeck Pyrmontkade Te S Gravenhage;15;2518RR;8;Zeeheldenkwartier;Centrum;52.07693831400713; 4.29467203691438;2
Vereniging Van Eigenaars Appartementengebouw Cornerhousete S Gravenhage;15;2517CV;2;Duinoord;Scheveningen;52.08108275872133; 4.28374317034087;2
Vereniging Van Eigenaars Appartementencomplex De Minstreel Aan De Badhuiskade 4 A Tot En Met G En 5a Tot En Met H Te 'S-Gravenhage;15;2586EM;4;Scheveningen;Scheveningen;52.10805728383781; 4.276900174523532;1
Vereniging Van Eigenaars Amalia Van Solmsstraat Den Haag;15;2595TA;1;Bezuidenhout;Haagse Hout;52.08236517068788; 4.336292743656812;1
Vereniging Van Eigenaars Abrikozenplein 33,34,35,36 En Abrikozenstraat 2 T/M 22 Te 'S-Gravenhage;15;2564VS;2;Vruchtenbuurt;Segbroek;52.064968249458126; 4.2574865792153975;2
VERENIGING VAN EIGENAARS OBRECHT TE S GRAVENHAGE;15;2517VB;383;Duinoord;Scheveningen;52.08306129167272; 4.277073924006137;1
V.v.E. Blaricumseplein nummer 1/Bilthovenselaan 49 tot en met 69 (oneven nummers) te 's-Gravenhage;15;2574SM;1;Rustenburg en Oostbroek;Escamp;52.06343376636942; 4.278442233510707;2
"""Vereniging van eigenaars gebouw genaamd ""Finest of Ockenburgh Blok 1""gelegen aan de Duinvallei 42 tot en met 70(even nummers) te 's-Gravenhage"".";15;2553AB;42;Kijkduin en Ockenburgh;Loosduinen;52.06168941653142; 4.2236445883741895;1
"""Vereniging Van Eigenaars 'S-Gravenzandelaan 133 Tot En Met 165 (Oneven Nummers) Te 'S-Gravenhage""";15;2512JL;135;Schildersbuurt;Centrum;52.07117755462874; 4.2964714954584755;1
vve Raaltestraat Te 'S Gravenhage;14;2541AD;10;Morgenstond;Escamp;52.054085699254586; 4.27282999911699;1
vereniging van eigenaars lange vijverberg 19,20 a tot en met n/tournooiveld 1 te den haag;14;2513AC;20;Centrum;Centrum;52.08139840297442; 4.3132393879742335;1
vereniging van eigenaars gebouw conradkade 56 en 57 te Den Haag;14;2517BR;56;Regentessekwartier;Segbroek;52.07991891519623; 4.285445638444631;1
vereniging van eigenaars Pletterijstraat 34 tot en met 62 (even nummers) te 's-Gravenhage;14;2515AX;34;Stationsbuurt;Centrum;52.07556225444379; 4.323420747109855;2
Vereniging van Ondereigenaars De Prins (Frederikstraat 463 e.v.) te s-Gravenhage;14;2514LN;463;Willemspark;Centrum;52.08751171614201; 4.311096928820538;1
Vereniging van Eigenaren Biancaland te 's-gravenhage;14;2591DA;3;Mariahoeve en Marlot;Haagse Hout;52.09647606764867; 4.366993644247581;1
Vereniging van Eigenaren Altingstraat 122 tot en met 150 te 's-Gravenhage;14;2593TA;122;Bezuidenhout;Haagse Hout;52.08769328513305; 4.342749111221817;1
"Vereniging van Eigenaars Van Diemenstraat 1b tot en met 13 (oneven nummers) en Witte de Withstraat 85 te 's-Gravenhage""";14;2518TW;3;Zeeheldenkwartier;Centrum;52.07976773566469; 4.293606828157814;1
Vereniging van Eigenaars Uddelstraat 65 tot en met 77, Hardewijkstraat 235 tot en met 251 te 's-Gravenhage;14;2573VC;67;Rustenburg en Oostbroek;Escamp;52.06231456606471; 4.285993463719684;2
Vereniging van Eigenaars Paleis-Hof te ‘s-Gravenhage;14;2513BK;4;Centrum;Centrum;52.080192400067325; 4.307463567070907;2
Vereniging van Eigenaars Molenslootstraat 4 tot en met 40 te 's-Gravenhage;14;2521SJ;6;Laakkwartier en Spoorwijk;Laak;52.06568664389623; 4.325910600402482;1
Vereniging van Eigenaars Lange Vijverberg 19,20a tot en met p te 's-Gravenhage;14;2513AC;20;Centrum;Centrum;52.08139840297442; 4.3132393879742335;1
Vereniging van Eigenaars Cartesiusstraat 49 tot en met 61 en Van Swindenstraat 42 tot en met 60;14;2562RM;42;Regentessekwartier;Segbroek;52.07387818303241; 4.2827254311003795;2
Vereniging van Eigenaars Breedstraat 132 tot en met 168 te 's-Gravenhage;14;2513TV;132;Centrum;Centrum;52.07882344499854; 4.301763142010621;1
Vereniging van Eigenaars Boeistraat 15 tot en met 41 (oneven nummers) te 's-Gravenhage;14;2583LJ;15;Scheveningen;Scheveningen;52.09651730558283; 4.261495272552559;1
Vereniging van Eigenaars Bakkersstraat 273 tot en met 307 (oneven nummers) te 's-Gravenhage;14;2513VV;275;Centrum;Centrum;52.078029477332166; 4.3005645012485285;1
Vereniging van Eigenaars Appelstraat 172 tot en met 206 (even), te 's-Gravenhage;14;2564EK;172;Vruchtenbuurt;Segbroek;52.0661100568547; 4.253578508537578;2
"Vereniging van Eigenaars ""Miereven"" aan de Van der Vennestraat en Van Miereveltstraat te 's-Gravenhage";14;2525EA;11;Schildersbuurt;Centrum;52.066448735560925; 4.3003925948572395;3
Vereniging Van Eigenaren Pieter Meinersstraatte 'S-Gravenhage;14;2597VK;3;Benoordenhout;Haagse Hout;52.09405486773294; 4.332071996485871;1
Vereniging Van Eigenaren Margrietstraat 26/28/30, Lobelialaan 21t/M 37 (Oneven Nummers), Speenkruidstraat 25/27/29 Te 'S-Graven-Hage;14;2555PB;23;Bohemen en Meer en Bos;Loosduinen;52.06557256195016; 4.237098119016067;3
Vereniging Van Eigenaren Mankesstraat Te 'S-Gravenhage;14;2597CN;4;Benoordenhout;Haagse Hout;52.094572435626716; 4.333328745933381;1
Vereniging Van Eigenaren Jan Wapstraat 18 T/M 52 (Even Nrs.) Te 'S-Gravenhage;14;2523GJ;18;Laakkwartier en Spoorwijk;Laak;52.057423858215735; 4.32073656756306;1
Vereniging Van Eigenaren Flatgebouw Duinzicht Te 'S-Gravenhage;14;2596TP;1;Benoordenhout;Haagse Hout;52.09430390918631; 4.3212173033044845;2
Vereniging Van Eigenaren Drijfriemstraat 9 T/M 37 (Oneven) Te 'S-Gravenhage (Fictief);14;2516XL;9;Laakkwartier en Spoorwijk;Laak;52.06101297927624; 4.334754781527383;2
Vereniging Van Eigenaren Bussumsestraat 40 T/M 68 Te S Gravenhage Nvr S Gravenhage;14;2574JL;40;Rustenburg en Oostbroek;Escamp;52.06765991455403; 4.275680501331862;1
Vereniging Van Eigenaren Apeldoornselaan 134 136 138 Eerbeeklaan15 T/M 37 Oneven En Hoogbuurlostraat 49 Te S Gravenhage;14;2573HP;15;Rustenburg en Oostbroek;Escamp;52.06844210125737; 4.283115405206404;2
Vereniging Van Eigenaars Woonruimtes Residentie Johan De Witt;14;2517JB;78;Geuzen- en Statenkwartier;Scheveningen;52.08874844844604; 4.279113288575813;1
Vereniging Van Eigenaars Woningen Hannemanplantsoen 88 Tot En Met 104 En Stallinggarage V. Ostadestraat 103 Te S Gravenhage;14;2526LG;89;Schildersbuurt;Centrum;52.06795648623877; 4.3093382342349384;1
Vereniging Van Eigenaars Vaillantlaan 533, 537 En 541, Frans Halsstraat 84 Tot En Met 96 (Even Nummers) En Gabriel Metsustraat 102, 102a, 102b En 104 Te S Gravenhage.;14;2525XB;84;Schildersbuurt;Centrum;52.06412279287104; 4.309308624669216;4
Vereniging Van Eigenaars Purperreigerstraat 1 Tot En Met 27 Te Den Haag;14;2496ME;1;Ypenburg;Leidschenveen-Ypenburg;52.04582411187407; 4.377999115758853;1
Vereniging Van Eigenaars Patiobebouwing Iv,Bezaanmast 1 T/M 13 En De Jagersmast 4 T/M 16;14;2586KS;1;Scheveningen;Scheveningen;52.11229019504213; 4.280905588555109;2
Vereniging Van Eigenaars Patiobebouwing Iii,Jagersmast 4 T/M 14 En De Vierloper 6;14;2586KR;1;Scheveningen;Scheveningen;52.11201429650584; 4.280612658984367;3
Vereniging Van Eigenaars Ouverturestraat 12 Te 'S-Gravenhage;14;2553VP;12;Loosduinen;Loosduinen;52.05332473468026; 4.233060204307991;1
Vereniging Van Eigenaars Nootdorpse Landingslaan 160 Tot En Met 186(Even Nummers) Te Den Haag;14;2496LX;160;Ypenburg;Leidschenveen-Ypenburg;52.04636592509175; 4.378936472617027;1
Vereniging Van Eigenaars Mient 294 T/M 320 Even Te 'S-Gravenhage;14;2564LL;294;Vruchtenbuurt;Segbroek;52.06608777127028; 4.2556603700883855;2
Vereniging Van Eigenaars Keizerstraat/Drogersdijk Te 'S-Gravenhage;14;2584SZ;72;Scheveningen;Scheveningen;52.10351176941317; 4.276021493006698;1
Vereniging Van Eigenaars Hoge Nieuwstraat 18 Tot En Met 20a Te S Gravenhage;14;2514EL;20;Centrum;Centrum;52.08156913863295; 4.312372296636895;1
Vereniging Van Eigenaars Gebouw Dirk Hoogenraadstraat 168-1 Tot En Met 168-14 Te S Gravenhage;14;2586TP;168;Scheveningen;Scheveningen;52.110658365703046; 4.2815687004349785;1
Vereniging Van Eigenaars Flatgebouw Korbootstraat, Vissershavenstraat En Reepstraat Te S Gravenhage;14;2583XE;1;Scheveningen;Scheveningen;52.103561189457636; 4.269391548374192;3
Vereniging Van Eigenaars Draaistraat/Rijswijkseweg Te 'S-Gravenhage;14;2516KB;11;Laakkwartier en Spoorwijk;Laak;52.065141090439106; 4.3303507631836435;2
Vereniging Van Eigenaars Bullstraat 15,17,19,21,23,25 Isingstraat 232,234,236,238,240,242,244 Burgersdijkstraat 48,50,52 Te 'S-Gravenhage;14;2522WK;15;Laakkwartier en Spoorwijk;Laak;52.06055119341694; 4.3219890928757145;3
Vereniging Van Eigenaars Bosjes Van Zanen Van Ouwenlaan/Hoek Vanalkemadelaan Te 'S-Gravenhage;14;2597AC;101;Benoordenhout;Haagse Hout;52.09987473296884; 4.322806014800005;2
Vereniging Van Eigenaars Barendszstraat/Piet Heinstraat;14;2518XC;1;Zeeheldenkwartier;Centrum;52.082056097976356; 4.2984044900474725;1
Vereniging Van Eigenaars 1e Sweelinckstraat 13,15,17 Te 'S-Gravenhage;14;2517GA;13;Duinoord;Scheveningen;52.084141254496025; 4.289839810135094;1
Vereniging Van Eigenaars 'S-Gravenzandelaan 146 T/M 156 Te 'S-Gravenhage;14;2512JP;146;Schildersbuurt;Centrum;52.07117138160145; 4.2971253447029065;2
"Vereniging Van Eigenaars ""Meerburgstraat Hoek Waterlandsingel""";14;2548RX;31;Wateringse Veld;Escamp;52.024119245717685; 4.2882589822806985;1
VERENIGING VAN EIGENAARS KEUKENHOFLAAN TE 'S-GRAVENHAGE;14;2548PD;117;Wateringse Veld;Escamp;52.02857128980804; 4.290545879734157;1
vereniging van eigenaars karm¢y, blok 4 den haag;13;2548JP;40;Wateringse Veld;Escamp;52.031994486843644; 4.281046715239803;1
Vereniging van ondereigenaars Podium ii woningen Melis Stokelaan en Wolweversgaarde te s Gravenhage;13;2542AN;329;Bouwlust/Vrederust;Escamp;52.040103093619045; 4.268634991481904;2
Vereniging van ondereigenaars Podium I woningen Melis Stokelaan en Wolweversgaarde te 's-Gravenhage;13;2542AP;357;Bouwlust/Vrederust;Escamp;52.039500564924126; 4.268615336183856;1
Vereniging van eigenaars Karmoy Blok 5 te Den Haag;13;2548JP;6;Wateringse Veld;Escamp;52.0326181628484; 4.280600410655636;1
Vereniging van Eigenaars Van der Vennestraat 137 tot en met 149 (oneven nummers) en Terwestenstraat 2 tot en met 14A (even nummers) te 's-Gravenhage;13;2525GH;4;Schildersbuurt;Centrum;52.06602883365968; 4.302795862710983;2
Vereniging van Eigenaars Trompstraat 312, 314 en 316 te 's-Gravenhage;13;2518BR;312;Zeeheldenkwartier;Centrum;52.08435579505093; 4.298585483758304;1
Vereniging van Eigenaars Stuyvesantplein 27-38;13;2593EL;27;Bezuidenhout;Haagse Hout;52.08448663497982; 4.343732011147925;2
Vereniging van Eigenaars Oudemansstraat 222/250 te 's-Gravenhage;13;2522TC;224;Laakkwartier en Spoorwijk;Laak;52.06006939910325; 4.327965019689406;1
Vereniging van Eigenaars Karmoy Blok 3 te Den Haag;13;2548JP;74;Wateringse Veld;Escamp;52.031373571236934; 4.281407145849449;1
Vereniging van Eigenaars Haagwinde Woningen aan de Badhuisweg te 's-Gravenhage;13;2587CE;115;Westbroekpark en Duttendel;Scheveningen;52.106957991208986; 4.292238071224644;1
Vereniging van Eigenaars Crispijnstraat 74 tot en met 100 (even nummers) te 's-Gravenhage;13;2513SJ;74;Zeeheldenkwartier;Centrum;52.07835867610293; 4.293682256971227;1
Vereniging Van Eigenaren: Van De Capellenstraat 1 T/M 15 En De Vriesstraat 65 T/M 77 Te 'S-Gravenhage;13;2593XC;3;Bezuidenhout;Haagse Hout;52.083567822514404; 4.34465019250076;2
Vereniging Van Eigenaren Van Vlotenstraat 76 T/M 96 Te 'S-Gravenhage;13;2523JG;78;Laakkwartier en Spoorwijk;Laak;52.05456506124514; 4.318533249798093;1
Vereniging Van Eigenaren Taco Scheltemastraat 10 T/M 46 Te 'S-Gravenhage;13;2597CP;10;Benoordenhout;Haagse Hout;52.094898272846784; 4.3323006420719254;1
Vereniging Van Eigenaren Goeverneurlaan 589 T/M 605(Onven Nrs)Te 'S-Gravenhage;13;2523CG;591;Laakkwartier en Spoorwijk;Laak;52.05676719492305; 4.316294330544017;1
Vereniging Van Eigenaren Goeverneurlaan 458 T/M 480 (Even Nummers) Te 'S-Gravenhage;13;2523CK;458;Laakkwartier en Spoorwijk;Laak;52.0579221894169; 4.320444195990792;2
Vereniging Van Eigenaars Weteringkade 58,60 En 62 Te 'S-Gravenhage;13;2515AR;58;Stationsbuurt;Centrum;52.07414588931032; 4.326291343738776;1
Vereniging Van Eigenaars Van Der Parrastraat;13;2595RA;7;Bezuidenhout;Haagse Hout;52.08108426977746; 4.3412505643030315;1
Vereniging Van Eigenaars Ursulaland 2 T/M 114 Te 'S-Gravenhage;13;2591HA;90;Mariahoeve en Marlot;Haagse Hout;52.09671888853372; 4.36321061465359;1
Vereniging Van Eigenaars Prinsentuyn, Laan Van Meerdervoort Te 'S-Gravenhage;13;2517AS;104;Zeeheldenkwartier;Centrum;52.08349562768786; 4.29172541467798;1
Vereniging Van Eigenaars Metskwartier Te 'S-Gravenhage;13;2586HE;77;Scheveningen;Scheveningen;52.10791276836111; 4.28606859521277;1
Vereniging Van Eigenaars King Olivereiland 50 Tot En Met 65(Doorlopend Genummerd) Te 'S-Gravenhage;13;2551JW;4;Waldeck;Loosduinen;52.05714224966967; 4.239767853365772;2
Vereniging Van Eigenaars Keizerstraat 4 En 6 En Wassenaarsestraat 2, 4, 6 En 8 Te S Gravenhage;13;2584BH;4;Scheveningen;Scheveningen;52.10710411835794; 4.272431506836224;2
Vereniging Van Eigenaars Jan Ten Brinkstraat 82-102 (Even) Allard Piersonlaan 141-147 (Oneven) En Dercksenstraat 2 Te 'S-Gravenhage;13;2522JE;82;Laakkwartier en Spoorwijk;Laak;52.05894681527185; 4.324990592826972;2
Vereniging Van Eigenaars Gebouw Nieuw-Oranjete 'S-Gravenhage;13;2511VE;10;Stationsbuurt;Centrum;52.08079781485744; 4.321215086283379;1
Vereniging Van Eigenaars Flatgebouw Veenendaalkade 351 Tot En Met 375 (Oneven Nummers) Te 'S-Gravenhage;13;2547AJ;351;Leyenburg;Escamp;52.05919318086452; 4.2680417452839885;1
Vereniging Van Eigenaars Complex Paviljoensgracht Te 'S-Graven- Hage;13;2512CE;2;Centrum;Centrum;52.073985073361435; 4.312155889797129;1
Vereniging Van Eigenaars Appartementengebouw Alphons Diepenbrockhof 50 Tot En Met 74 Te S Gravenhage;13;2551KH;50;Waldeck;Loosduinen;52.05903266567403; 4.2307519786454995;1
"Vereniging Van Eigenaars ""La Cigogne"" Prins Mauritslaan 53, 55 En Frankenslag 142 Te 'S-Gravenhage";13;2582LM;53;Geuzen- en Statenkwartier;Scheveningen;52.09592327155686; 4.27608415590288;2
"""Vereniging van Eigenaars Naaldwijksestraat 110 tot en met 136 te 's-Gravenhage";13;2515MZ;110;Schildersbuurt;Centrum;52.06862868071863; 4.317218542434453;1
